FileName,Average_Growth_Rate_nm_per_cycle,Average_RMSE, Lin_GPC_nm
250812_TDMAT_Campaign0012_01_RNG.txt,5.9285793416598525,0.13556666666666597,0.14073951898850753
250812_TDMAT_Campaign0012_01_RNG.txt,5.661743890889706,0.14583749999999984,0.16133011166224095
250812_TDMAT_Campaign0012_01_RNG.txt,5.486270279270344,0.10390666666666656,0.11196623759398781
250812_TDMAT_Campaign0012_01_RNG.txt,5.237205027650681,0.16628000000000043,0.1710754739746333
250812_TDMAT_Campaign0012_01_RNG.txt,4.907804846358565,0.14408333333333367,0.1765096101000133
250812_TDMAT_Campaign0012_02_GP.txt,4.623410940456204,0.17341764705882418,0.1942612088216381
250812_TDMAT_Campaign0012_02_GP.txt,4.3649806277600804,0.0069533333333329965,0.006607775824600262
250812_TDMAT_Campaign0012_02_GP.txt,4.614731002674772,0.13325333333333259,0.13378643423414183
250812_TDMAT_Campaign0012_02_GP.txt,4.50244151176304,0.022459999999999997,0.015277375371516643
250812_TDMAT_Campaign0012_02_GP.txt,4.495095544654699,0.007893333333332938,0.007423109601430127
250812_TDMAT_Campaign0012_02_GP.txt,4.333900455183009,0.12856250000000014,0.14098037817903025
250812_TDMAT_Campaign0012_02_GP.txt,4.532103551260231,0.2153894736842104,0.2412571492574034
250812_TDMAT_Campaign0012_02_GP.txt,4.636043186278189,0.009793333333332536,0.008893707365816315
250812_TDMAT_Campaign0012_02_GP.txt,4.407085775333559,0.20608125000000044,0.233204504318551
250812_TDMAT_Campaign0012_02_GP.txt,4.720017100728383,0.2976066666666668,0.25466701979280354
250812_TDMAT_Campaign0012_02_GP.txt,5.051348424588081,0.19961333333333375,0.21152155668854128
250812_TDMAT_Campaign0012_02_GP.txt,4.8012145585883435,0.1446866666666665,0.15013719814466198
250812_TDMAT_Campaign0012_02_GP.txt,4.473418100437197,0.17848750000000102,0.18739842439616247
250812_TDMAT_Campaign0012_02_GP.txt,4.4052632469900646,0.14887999999999882,0.1526790024501919
250812_TDMAT_Campaign0012_02_GP.txt,4.72030848694882,0.18764374999999944,0.19238094387765642
250812_TDMAT_Campaign0012_02_GP.txt,4.494441012759489,0.0818333333333347,0.08662148086266036
250812_TDMAT_Campaign0012_02_GP.txt,4.055679994212689,0.17492777777777727,0.19578462837018346
250812_TDMAT_Campaign0012_02_GP.txt,3.865328586307612,0.19722000000000056,0.2060457222780487
250812_TDMAT_Campaign0012_02_GP.txt,3.972250063258168,0.1595799999999997,0.17026013611308982
250812_TDMAT_Campaign0012_02_GP.txt,4.238426125434006,0.13640666666666637,0.14464566583667524
250812_TDMAT_Campaign0012_02_GP.txt,4.564744441869538,0.20306666666666615,0.20855941578245027
250812_TDMAT_Campaign0012_02_GP.txt,4.737855210556149,0.10203333333333424,0.13843787530265364
250812_TDMAT_Campaign0012_02_GP.txt,4.7140714747398,0.0033062500000013983,0.004127847555953756
250812_TDMAT_Campaign0012_02_GP.txt,4.71056546154432,0.1115083333333331,0.16450076834028562
250812_TDMAT_Campaign0012_02_GP.txt,4.788560534516057,0.11139999999999949,0.11638228617435382
250812_TDMAT_Campaign0012_02_GP.txt,5.023562310627845,0.20855999999999994,0.20362482420319827
250812_TDMAT_Campaign0012_02_GP.txt,5.474604647921585,0.11372500000000052,0.1368348570634574
250812_TDMAT_Campaign0012_02_GP.txt,5.139843538262903,0.17380666666666683,0.18571969184842357
250812_TDMAT_Campaign0012_02_GP.txt,4.813433513633678,0.10015999999999962,0.1029276310047704
250812_TDMAT_Campaign0012_02_GP.txt,4.823980419464149,0.08213529411764853,0.09669900757927846
250812_TDMAT_Campaign0012_02_GP.txt,5.2873856160496615,0.20851999999999862,0.21258952783701474
250812_TDMAT_Campaign0012_02_GP.txt,5.449932658302325,0.21913333333333374,0.22774281496349774
250812_TDMAT_Campaign0012_02_GP.txt,5.1668232130100264,0.0033157894736835884,0.0014730022144361322
250812_TDMAT_Campaign0012_02_GP.txt,5.036489927924068,0.15171333333333337,0.15875702666365127
250812_TDMAT_Campaign0012_02_GP.txt,5.020959173096067,0.08251999999999952,0.09337712313828733
250812_TDMAT_Campaign0012_02_GP.txt,5.006115340722578,0.11192666666666658,0.11467794089108184
250812_TDMAT_Campaign0012_02_GP.txt,4.910246669249965,0.0154200000000003,0.01813560363094067
250812_TDMAT_Campaign0012_02_GP.txt,4.902755566420599,0.09275333333333341,0.09897970039546228
250812_TDMAT_Campaign0012_02_GP.txt,4.953824633478436,0.146793333333333,0.15196980041107847
250812_TDMAT_Campaign0012_02_GP.txt,5.026039055497057,0.22665333333333326,0.20508325489438647
250812_TDMAT_Campaign0012_02_GP.txt,5.272676562054949,0.19716000000000047,0.20324088486531613
250812_TDMAT_Campaign0012_02_GP.txt,5.793238158636746,0.13178124999999952,0.13866178578276678
250812_TDMAT_Campaign0012_02_GP.txt,5.962948614478931,0.1867687500000006,0.2081819679875074
250812_TDMAT_Campaign0012_02_GP.txt,6.105897839829421,0.00877999999999967,0.008223865267272267
250812_TDMAT_Campaign0012_02_GP.txt,5.973837660107088,0.06364722222222241,0.12705577908393553
250812_TDMAT_Campaign0012_02_GP.txt,5.749589869615081,0.14628666666666656,0.1558051690670425
250812_TDMAT_Campaign0012_02_GP.txt,5.665332145154495,0.16787999999999859,0.18974850553560102
250812_TDMAT_Campaign0012_02_GP.txt,5.707420916361412,0.11923999999999826,0.13243701671180066
250812_TDMAT_Campaign0012_02_GP.txt,5.616656127931839,0.12571333333333237,0.14000325838450453
250812_TDMAT_Campaign0012_02_GP.txt,5.621502994348833,0.023640000000000327,0.02600469978310389
250812_TDMAT_Campaign0012_02_GP.txt,5.7711536620221695,0.1578866666666689,0.16551167051039545
250812_TDMAT_Campaign0012_02_GP.txt,6.132849234794562,0.05744062499999991,0.11233719086094597
250812_TDMAT_Campaign0012_02_GP.txt,6.451561661003046,0.0858000000000023,0.0912565856006007
250812_TDMAT_Campaign0012_02_GP.txt,6.832976296460812,0.14775333333333265,0.16549638821056958
250812_TDMAT_Campaign0012_02_GP.txt,7.303657497603087,0.11574666666666644,0.11996635980879804
250812_TDMAT_Campaign0012_02_GP.txt,7.69951648478461,0.058028571428571596,0.1194212637877478
250812_TDMAT_Campaign0012_02_GP.txt,8.009029226607472,0.12273333333333009,0.12657779111715467
250812_TDMAT_Campaign0012_02_GP.txt,8.163111407697047,0.005886666666666921,0.0050918750442511965
250812_TDMAT_Campaign0012_02_GP.txt,8.167014911523495,0.010674999999999102,0.008260813509630887
250812_TDMAT_Campaign0012_02_GP.txt,8.257364215905167,0.13496000000000094,0.13991350088807053
250812_TDMAT_Campaign0012_02_GP.txt,8.384067960067865,0.16671999999999798,0.17300898864486083
250812_TDMAT_Campaign0012_02_GP.txt,8.427211542181308,0.16120666666666922,0.16983108765194962
250812_TDMAT_Campaign0012_02_GP.txt,8.408158572415514,0.112966666666667,0.1246293300968608
250812_TDMAT_Campaign0012_02_GP.txt,8.374315275580992,0.12192500000000095,0.13573912543128905
250812_TDMAT_Campaign0012_02_GP.txt,8.286808803182812,0.11809333333333522,0.12271123481560456
250812_TDMAT_Campaign0012_02_GP.txt,8.132161404927587,0.05030294117647111,0.10006522969383344
250812_TDMAT_Campaign0012_02_GP.txt,7.992586464622172,0.17064666666666425,0.1782483356868597
250812_TDMAT_Campaign0012_02_GP.txt,7.84800066598261,0.013513333333332867,0.013152491526477161
250812_TDMAT_Campaign0012_02_GP.txt,7.7967489142225785,0.12261999999999867,0.12968135240090384
250812_TDMAT_Campaign0012_02_GP.txt,7.658195590102983,0.06373939393939287,0.13155262545976848
250812_TDMAT_Campaign0012_02_GP.txt,7.630682722329534,0.07456428571428628,0.14570412538445968
250812_TDMAT_Campaign0012_02_GP.txt,7.700966612621602,0.10026153846153928,0.15211205826736995
250812_TDMAT_Campaign0012_02_GP.txt,7.89216988009048,0.14321874999999906,0.1601584697274367
250812_TDMAT_Campaign0012_02_GP.txt,8.031665280301759,0.02623750000000058,0.02748981069433721
250812_TDMAT_Campaign0012_02_GP.txt,8.212120240556345,0.1556999999999995,0.1627986958927197
250812_TDMAT_Campaign0012_02_GP.txt,8.584969376199037,0.15438750000000212,0.16073417949043983
250812_TDMAT_Campaign0012_03_GP.txt,8.940181498160639,0.1370933333333331,0.15426659954316882
250812_TDMAT_Campaign0012_03_GP.txt,9.134992637424096,0.1437000000000012,0.14900459423195683
250812_TDMAT_Campaign0012_03_GP.txt,9.094382810741862,0.012533333333332545,0.008354931510150536
250812_TDMAT_Campaign0012_03_GP.txt,9.227010006492629,0.09180000000000063,0.09305294750200703
250812_TDMAT_Campaign0012_03_GP.txt,9.23592971981584,-0.000326666666668037,-0.0007641134312787141
250812_TDMAT_Campaign0012_03_GP.txt,9.012207086361206,0.10290000000000177,0.11509884008467153
250812_TDMAT_Campaign0012_03_GP.txt,8.950908220159205,0.1091133333333308,0.1080647962397694
250812_TDMAT_Campaign0012_03_GP.txt,8.590788925104272,0.04828717948717918,0.08811004403062234
250812_TDMAT_Campaign0012_03_GP.txt,8.129939887515418,0.15201764705882262,0.17202979719693728
250812_TDMAT_Campaign0012_03_GP.txt,7.934586625200368,0.10670666666666571,0.11012054761685638
250812_TDMAT_Campaign0012_03_GP.txt,7.7377539526334305,0.14907647058823706,0.16605132489054358
250812_TDMAT_Campaign0012_03_GP.txt,7.703822319909584,0.1174733333333317,0.12263775705830024
250812_TDMAT_Campaign0012_03_GP.txt,7.815348573338142,0.0047800000000014125,0.003593859781154999
250812_TDMAT_Campaign0012_03_GP.txt,7.658982306536284,0.13648235294117647,0.14840308261886054
250812_TDMAT_Campaign0012_03_GP.txt,7.7488497699759336,0.12187499999999929,0.12238280252179774
250812_TDMAT_Campaign0012_03_GP.txt,8.015993481248323,0.0875812499999995,0.09252168680349368
250812_TDMAT_Campaign0012_03_GP.txt,8.518954311345789,0.14604666666666616,0.1540582169057941
250812_TDMAT_Campaign0012_03_GP.txt,9.38769391291193,0.13809333333333218,0.14824158292423956
250812_TDMAT_Campaign0012_03_GP.txt,9.499624909859428,0.06761842105263172,0.14074853885597918
250812_TDMAT_Campaign0012_03_GP.txt,9.252512762460022,0.16332499999999683,0.17998789913876898
250812_TDMAT_Campaign0012_03_GP.txt,8.82710606907582,0.006600000000002382,0.006727431642255641
250812_TDMAT_Campaign0012_03_GP.txt,8.730605423270534,0.056587804878048,0.12823551478718118
250812_TDMAT_Campaign0012_03_GP.txt,8.87555640021125,0.08064117647058859,0.08825245408253046
250812_TDMAT_Campaign0012_03_GP.txt,8.775769660612415,0.15365882352941018,0.16334047274394906
250812_TDMAT_Campaign0012_03_GP.txt,8.8840975687135,0.12943750000000165,0.1384172255553037
