recommendation_id,elapsed_time,new_predicted_output,new_predicted_uncertainty,current_trained_hps,average_rmse,plasma_prep_time,precursor_dose_time,plasma_purge_time,ALD_purge_time,campaign_id
0t49dprjz9tbb000ssqa8azzhg,3.819999983534217e-05,,,,,1771.1598839067208,255.28913455459588,498.28645777292445,4914.4089369607045,0t49dprjynzhz000esnegj1jk8
0t49dy3989vjz00075v27g1er8,3.390002530068159e-05,,,,,2805.9283617275996,2257.6257326914715,748.692402096466,4201.07858210381,0t49dprjynzhz000esnegj1jk8
0t49e65ktxwe1000xf7hm7ppnc,0.0006182999932207167,,,,,3507.417622893632,1171.4223479047052,3438.411427703341,1488.513273934581,0t49dprjynzhz000esnegj1jk8
0t49ed0wysrb3000hzb025dbq0,8.789997082203627e-05,,,,,3519.030861730904,3334.203011974763,4445.765473648082,225.83472172391993,0t49dprjynzhz000esnegj1jk8
0t49em4epxwef000h404n0meaw,4.859996261075139e-05,,,,,3029.2050654687523,5848.6812198617845,1401.7087966364475,1885.7677093020318,0t49dprjynzhz000esnegj1jk8
0t49fgty89zc50009ygyrncqpw,1.189226199989207,0.11090545848220949,0.001194690036574046,"[0.0011945900367012806, 0.11252883799097169, 1.490868523871123, 0.10012409255356813, 1.4973295092727934, 0.11090552488061749]",0.06654412463217389,14.57892598326487,1837.0124283413497,5952.139618767653,3097.9281902381804,0t49fgtahnrvv000294qhkf8jm
0t49frv529xck000qdx45jvdfr,1.314429400023073,0.10814293023091383,0.0009274301673660885,"[0.000927330656492577, 0.11680336764396193, 1.4882082093582878, 0.10000146430784751, 1.4953610296784194, 0.10815008931753181]",0.031217495589181174,12.135157340575532,5598.715782216617,2387.879868131059,1056.3886343974273,0t49fgtahnrvv000294qhkf8jm
0t49fzaf5xzgb000p1jgb9vr78,1.1106833000085317,0.10880329753529591,0.0007548628031104625,"[0.000754867987591311, 1.4925023466962584, 0.10021805960374597, 1.4902430111897074, 0.23503808133088377, 0.10829745621560835]",0.04033057914682698,23.543254723624077,4429.3454979873095,5997.418552631056,5998.56307763031,0t49fgtahnrvv000294qhkf8jm
0t49gam7bxxtf000xq67jhc8rm,1.0253718000021763,0.11269757697837049,0.0007289930012673627,"[0.000752653883186444, 1.4904643578486596, 0.21635954172963434, 1.4994774903487649, 0.25138057119863355, 0.1144171603144236]",0.03925157540500011,3999.99607701189,100.00342250319738,5999.976993852594,5999.992942733626,0t49fgtahnrvv000294qhkf8jm
0t49gnsg3nzvb0004x9cpz3fbg,1.1835593999712728,0.0694240357186036,0.0014829742040611182,"[0.0022358585714584746, 1.4989551583253147, 0.3229346883799697, 1.4984564347201452, 1.499855754456632, 0.09243394395477046]",0.057606087893647705,10.00307110452191,100.00126608363023,10.005142741667772,10.01095537208494,0t49fgtahnrvv000294qhkf8jm
0t49grc8phxbv000ay5qh3tcnr,1.3947447999962606,0.1269860113344077,0.001440591834608869,"[0.0022605543137866058, 1.4999251074098776, 0.22050659913989812, 1.4999462573317002, 1.4998591785733328, 0.08556905330454732]",0.048720945879734134,3999.9989860169835,4392.4593747304225,10.001587618637274,5999.997786383877,0t49fgtahnrvv000294qhkf8jm
0t49h2wbcnvzd000ppsaay7by4,1.3567252999637276,0.14100219701045963,0.001668192380468352,"[0.0030990795093572693, 1.4997892521435476, 0.3554228741597353, 1.4996908160849634, 1.4986500037510293, 0.08216741354940663]",0.05005421431757118,3999.998784228047,5999.998764432871,5999.999854642486,5999.99378712218,0t49fgtahnrvv000294qhkf8jm
0t49hgbm11xh3000nb07skz764,1.2330921000102535,0.1158312058882918,0.0014228104557206694,"[0.003008369362672566, 1.4996726936501632, 0.37058629785528147, 1.4997880797986527, 1.4990248876164576, 0.08561410094232476]",0.05125625257940403,10.000998398226194,3331.4301093923823,10.000131914620988,10.001694373697365,0t49fgtahnrvv000294qhkf8jm
0t49hm6x0srxb000y5vk378hbc,1.2973852999857627,0.06309196968753578,0.001151314538737963,"[0.0027205987275046913, 1.4998949881601882, 0.34023948022986245, 1.499838541478543, 1.4994694325493465, 0.08994953552506951]",0.025492355233438152,10.001069918105456,925.023674264362,10.00095483471392,5999.999257884027,0t49fgtahnrvv000294qhkf8jm
0t49hvsr51t3v000c5384zzbcg,1.3591704999562353,0.13644269967620917,0.0010030824964261937,"[0.002550710708409636, 1.499798552764248, 0.35149819847844954, 1.499892796606238, 1.4998340339933296, 0.08845623860597641]",0.018412196745749617,3999.9977453711936,5157.340656096152,5999.996869046543,10.001573113426323,0t49fgtahnrvv000294qhkf8jm
0t49j48qz1xs9000g1vr5sc34w,1.7979143999982625,0.11689173090333163,0.0009730387259637611,"[0.0023653295144213625, 1.4998001691574636, 0.31575970512439566, 1.4999297694229967, 1.4998829262102047, 0.09186987251760018]",0.028048227670130293,3999.9992810082713,2650.9631979125834,5999.997884762364,5999.999000253091,0t49fgtahnrvv000294qhkf8jm
0t49jge4gxy7h000pvgh0pn16r,1.6534328000270762,0.020811364366024807,0.0009905652569028268,"[0.002333490209048012, 1.4999150099935297, 0.3059179334125478, 1.4999061524955146, 1.499881867273068, 0.09359711756932951]",0.03510904849376819,10.0006614507231,100.00028509816805,5999.998350651394,10.000344583061379,0t49fgtahnrvv000294qhkf8jm
0t49jnbxadv09000v15vaxrkq8,1.299938199983444,0.14602835343301418,0.000800158699200524,"[0.0021473723939101144, 1.4998595736910079, 0.2870187896940285, 1.49999871616183, 1.4996543106206826, 0.09402418456663185]",0.050852981289533424,10.000436781485766,3114.484854614509,10.000185877052918,5999.999863244446,0t49fgtahnrvv000294qhkf8jm
0t49jxtb0hz5n0001hd4szczpg,1.5828516999608837,0.024843214829714147,0.0008788142548863048,"[0.002258434669948156, 1.499941615727836, 0.30187080681781275, 1.499506084870785, 1.4999713215262314, 0.09449703057846873]",0.02116624315948757,3999.998920469369,100.00030268111767,10.00011928671112,10.000424415906235,0t49fgtahnrvv000294qhkf8jm
0t49k1ywenw8f000xds0ftkg6r,1.3923820999916643,0.13389965471882534,0.0009457267362384933,"[0.0021667317476426005, 1.4998957642299642, 0.29568603128039483, 1.4998508950134688, 1.4999874254618812, 0.09253320449551614]",0.04832313711122671,10.000328199886296,5999.999936136828,10.00019904230617,5999.998032188822,0t49fgtahnrvv000294qhkf8jm
0t49kbhf9hwfs0009qxsk4fkv0,1.4528074000263587,0.08628277385630877,0.0008061598067153275,"[0.002582364899780573, 1.4998944012298394, 0.3276836873266521, 1.4997611361887986, 1.4999839367215735, 0.09854673221967916]",0.042391780273420915,10.001150583152565,1744.0911808729013,10.000275839196961,10.001511354244505,0t49fgtahnrvv000294qhkf8jm
0t49kerv75zy1000qpzwc21dfw,1.5289839000324719,0.15093512816090163,0.000774184853022969,"[0.002479830407516821, 1.4999602932293765, 0.3354007776481392, 1.499974585730636, 1.4995536971012637, 0.09698260502721281]",0.027497465199872912,10.000372850276648,5999.999628273726,5999.999914220255,5999.9999747769,0t49fgtahnrvv000294qhkf8jm
0t49ktp3mxy59000m0bwa6t7m8,1.4304727999842726,0.14771173572441257,0.0007360747421897537,"[0.0023487361375618653, 1.499844248446486, 0.31673672621526294, 1.499949788545622, 1.499501363404033, 0.10077299518768569]",0.024691513442774714,3999.9981198117052,4522.434317120914,10.000562848195676,10.000029829942777,0t49fgtahnrvv000294qhkf8jm
0t49m0j0pxthz0007ghkas9yq8,1.2289274000213481,0.11110706847425536,0.0007152498916276024,"[0.002239795449359684, 1.499964784657449, 0.3028904742553535, 1.499879996138773, 1.4983068703538698, 0.10213068898757727]",0.031797664412987786,10.000435742828506,4042.6941069949125,5999.9953545404305,10.001309564128354,0t49fgtahnrvv000294qhkf8jm
0t49m715dsw6z000we0h33ev7m,1.4497342000249773,0.018991874963233235,0.0006956690679246639,"[0.002131779167130813, 1.4997853873463467, 0.27795653316807056, 1.4992070308744712, 1.4984599711405586, 0.10346044083997338]",0.03802640535400276,10.002367384466138,100.00055005844793,5999.997096600022,5999.999789570688,0t49fgtahnrvv000294qhkf8jm
0t49mgmy4nsmn000jwzyswrqwc,1.6099719000048935,0.022760866373519956,0.0006717486224220389,"[0.00207049855796965, 1.4999160833851164, 0.2756454101203347, 1.499904185665923, 1.49960711899219, 0.10342365436691786]",0.035004126545921145,3999.998806496839,100.00018596289958,10.00177706131925,5999.999615033597,0t49fgtahnrvv000294qhkf8jm
0t49msfjz5rbq000j6dp1nmj8w,1.7965706999530084,0.1699636385735135,0.0006170278900757307,"[0.0019712224317506334, 1.4999863574067762, 0.2608127259374946, 1.4999850254770322, 1.499553520660446, 0.10289540546660227]",0.03630553074154856,10.000315630272492,4727.835940330029,10.00109530963762,5999.99085026618,0t49fgtahnrvv000294qhkf8jm
0t49n2j9wnyn30006a30a275bg,1.5534740000148304,0.15570216830236147,0.0005754676714337705,"[0.0020202070071327315, 1.4997702354698186, 0.2928700901363075, 1.4996586769099265, 1.4984004183514352, 0.10192651173430894]",0.03947832530713276,3999.9997665384562,4186.941902863545,5999.998415045877,5999.998734266918,0t49fgtahnrvv000294qhkf8jm
0t49nfard5rev000wj16gy4stc,1.3044893999467604,0.1450471087109373,0.0005269079838775003,"[0.0019584745305530303, 1.4999401568022233, 0.293124994010291, 1.4996921971014716, 1.4992721238953672, 0.1010277820538074]",0.022272145305950244,10.000899565255763,3045.685943426376,5999.998753518472,5999.997687862031,0t49fgtahnrvv000294qhkf8jm
0t49nt386xyh10000b13y23j10,1.4387953999685124,0.10645360471722361,0.0005622147388491394,"[0.0018955909167365885, 1.4999207362060605, 0.29714255647911825, 1.4994708066869653, 1.4987725595869175, 0.10174949728121478]",0.03242664902326448,3999.998572323972,2350.115574534364,10.00214453116355,10.000073861083296,0t49fgtahnrvv000294qhkf8jm
0t49nz446nwdv0001dexpajkc4,1.5393291999935172,0.09398721608331237,0.0004986166438520214,"[0.0018667467391916097, 1.4998631483086724, 0.3049981382958036, 1.499702472678504, 1.4994406235637705, 0.0999517576658258]",0.023672867572559767,3999.9993784858107,1536.4994970586815,10.001955925746275,5999.998477863675,0t49fgtahnrvv000294qhkf8jm
0t49p8h039w310006y4q616v6c,1.6293522999621928,0.16354068334986938,0.0004297717297998195,"[0.0018244810923493185, 1.4999497730773275, 0.3123323796876854, 1.4999759131167125, 1.4984937954508146, 0.1001158031339199]",0.019772653989645235,3999.9997605865933,3137.4275217375684,10.003014160374518,5999.999332484166,0t49fgtahnrvv000294qhkf8jm
0t49pjhe25s4x000gnva4n4adg,1.572280700027477,0.18387884392077908,0.0005064838090741872,"[0.0017925231009388344, 1.499565747366928, 0.3195121596493141, 1.4997174881547686, 1.4994278904660572, 0.09958385193500473]",0.027489782270056443,3999.999436597188,5999.998710788097,10.000107503974748,5999.999837788317,0t49fgtahnrvv000294qhkf8jm
0t49pxjy4drg500004g7vrd5sg,1.56469540001126,0.12297029769279441,0.0004664176241902936,"[0.0017632315625877755, 1.4999536297932137, 0.32381448736239765, 1.4999358381868229, 1.499514334538615, 0.0985774880099778]",0.03165750705863669,10.001603796352471,5999.999793891623,5999.999673498388,10.000690238262488,0t49fgtahnrvv000294qhkf8jm
0t49q4t9edv3d000grkhr4gfn0,1.3192851000349037,0.09110127726184332,0.0004162721937369874,"[0.0018124675917582725, 1.4998928872761081, 0.33593276171131464, 1.4995259364196383, 1.498950722847868, 0.10260071692031106]",0.016233711802782835,3999.9990549703275,2035.041289016014,5999.999935737506,10.001173112297124,0t49fgtahnrvv000294qhkf8jm
0t49qc23m1v6s000393j4zsg8g,1.5566188999800943,0.012376169415155888,0.00044224387260557123,"[0.0017598228846827171, 1.499979523271199, 0.34162379417470573, 1.4999052599921452, 1.499723346147607, 0.10278851310363522]",0.034490362129699303,3999.999535782577,100.00001912970451,5999.999938375751,10.00017174781239,0t49fgtahnrvv000294qhkf8jm
0t49qjhx5nr6s000qqpat3yssr,1.8702487999689765,0.1562022261114712,0.0004172096537363512,"[0.0017000271290393103, 1.4999873130425758, 0.335642788890933, 1.4999765396026035, 1.499586853996789, 0.10196185173769132]",0.01986589228787713,3999.9999875823146,5999.999794022438,10.000185119811169,10.000312823704942,0t49fgtahnrvv000294qhkf8jm
0t49qs0s9hr9v000m45n9rsfh8,1.649016500043217,0.11400737039182836,0.00033471509793303833,"[0.0017505402517758797, 1.4999150386594566, 0.34747708692771145, 1.4999946281194716, 1.4995113243319027, 0.10503287000068151]",0.026417093284371883,10.000544959079983,2679.606202756845,5999.997447243746,10.000348347296411,0t49fgtahnrvv000294qhkf8jm
0t49qyyt89zfd00056mjjx1zmw,1.5679441999527626,0.07799464191203308,0.0003132786815389662,"[0.0017553678054902655, 1.4999896003722206, 0.35691360593647725, 1.499712157453028, 1.499916940769733, 0.10379255268337854]",0.018209782486993398,3999.9994955527395,1343.0069510756355,5999.998853785389,5999.999907141362,0t49fgtahnrvv000294qhkf8jm
0t49rakqz9w2x000b2s8fbsbxm,1.6265506999916397,0.13628753242057445,0.0003202421455044252,"[0.0017137741272152812, 1.4995766104516046, 0.36170203550204244, 1.4999360395244663, 1.4998773354981703, 0.1045332409513047]",0.061985627945767355,10.00253492334697,4701.513060661171,10.000092369684065,10.001177703715433,0t49fgtahnrvv000294qhkf8jm
0t49rf0dg5wn90002x7vadgskc,1.5118008999852464,0.1734702304700298,0.00023595694808266056,"[0.001610578972045286, 1.4998724908711876, 0.3300505455201281, 1.499608549896446, 1.499860104347253, 0.10671087735004861]",0.0507377637962236,2344.088033041124,5184.322473185543,3259.0749854608684,5999.996600079239,0t49fgtahnrvv000294qhkf8jm
0t49rtepxnwqf000he5j2c87rc,1.7248603000189178,0.13490155543278004,0.00030311759548155344,"[0.001661247902546955, 1.4999649259889638, 0.32017229805651987, 1.4997686012103122, 1.4998577929272243, 0.11064845050931653]",0.02603728656408539,10.001028114528644,2064.689798751766,10.000756351932331,5999.994829768919,0t49fgtahnrvv000294qhkf8jm
0t49s2g379tqq00040jbag9jp8,1.8492699000053108,0.18673050048384504,0.0002473381619522128,"[0.0015830480877213338, 1.4997584900990308, 0.2956273617776276, 1.4999674344780756, 1.499920892234617, 0.11160693044891516]",0.014159915792108605,10.000645140019746,3966.8437937078343,10.001651396696714,5999.999813096263,0t49fgtahnrvv000294qhkf8jm
0t49sb9c3dzr7000j65qct19vc,1.6965972000034526,0.16831530681908388,0.0003155582330498518,"[0.0016100582693140617, 1.4997064518168786, 0.31256577511433253, 1.4997840938332265, 1.499451332494162, 0.11049091469788257]",0.010269880590537973,3999.9996471406794,5999.999968938251,5999.999672640869,10.001973243902942,0t49fgtahnrvv000294qhkf8jm
0t49sm2wzdvg70007c4exkybb8,1.7951222999836318,0.02195060960778944,0.0002836576346347005,"[0.0015958456756324374, 1.4997385841670705, 0.3267847000559551, 1.4996699636544872, 1.4997787287641335, 0.11053840289505365]",0.024910454437636616,10.000351597287302,100.00017411152251,10.002724850495259,5999.999773674614,0t49fgtahnrvv000294qhkf8jm
0t49svbpq1za9000t25mgsxnjg,1.8506356999860145,0.053510499819137185,0.0002799083295237773,"[0.0015004103034943865, 1.499766426144522, 0.2977751177751552, 1.4996008815241448, 1.4998275876367781, 0.11041910235156782]",0.021541775205029826,10.001955621040821,1127.6073043077758,5999.999239837128,10.000151809339075,0t49fgtahnrvv000294qhkf8jm
0t49t0pmj5v29000xzs6na1nf0,1.9076564999995753,0.15997838014888116,0.00020764466050269707,"[0.0014815971855468082, 1.4998487073930244, 0.2982148894920712, 1.4993533443401756, 1.4997394068054597, 0.1111429756491896]",0.022065774810346016,1777.551436802784,3978.893865310776,2190.2084468733588,3170.8552285156215,0t49fgtahnrvv000294qhkf8jm
0t49t8tkfhsfs0002fnfrapphc,1.8421475000213832,0.0690976027357592,0.00022793458968750423,"[0.0015173305879065124, 1.4999544646627383, 0.3246393061974809, 1.4993532856398755, 1.499878299357888, 0.11061641483018106]",0.027057880182031185,10.003671574437632,1171.9181347328893,5999.998532608383,5999.999913802394,0t49fgtahnrvv000294qhkf8jm
0t49tjvx8sykz000zan76v7t74,2.1674554999917746,0.1441358853708236,0.0002894097736601899,"[0.0014515836211006355, 1.4998957046590227, 0.30000508506533186, 1.499630047636249, 1.4997305751769061, 0.11211787296701178]",0.03464363339178506,10.000373259934754,5999.9999691410985,10.00086131705549,10.001035576390656,0t49fgtahnrvv000294qhkf8jm
0t49tqrt3xv690001v67f5xwxw,2.0976571000064723,0.059941622408847595,0.00024705556101277756,"[0.0013752940841031402, 1.4996994297881723, 0.26385307319278384, 1.4999819923722881, 1.4999285747406157, 0.11577080722375742]",0.023972340213258836,3999.9991113846777,1186.5546931471551,10.00000156795239,10.000954565147604,0t49fgtahnrvv000294qhkf8jm
0t49twbk2hzaz0003zkpb1wha0,2.260901100002229,0.13085822968885422,0.0002489346292763726,"[0.001381903685210191, 1.4999518110357464, 0.27808298548956656, 1.4999379840359004, 1.4996135029991575, 0.1150377857827326]",0.014273842102882333,10.001038215517788,5069.002244906381,5999.999217882354,10.000447427875855,0t49fgtahnrvv000294qhkf8jm
0t49v37wjdxw7000wwjzx5hrc4,2.1859484000015073,-0.014189622497164489,0.00018795714466385798,"[0.001538093704767183, 1.4999148890371037, 0.33914410047949656, 1.4995697802399202, 1.4997234120004341, 0.11343500926852251]",0.022722123912930353,1903.092913977335,100.00027329934942,2973.474515089673,3106.695888669246,0t49fgtahnrvv000294qhkf8jm
0t49va55fnrgk000ae152d0fwm,1.9303314000135288,0.13152727474087936,0.0001867270666339505,"[0.001705680166426981, 1.499838575921809, 0.38003318233205646, 1.4994966427347287, 1.4999003385260745, 0.10752851220196374]",0.02228806141007742,1692.8666473345547,2124.127210596282,3156.493998283791,5999.99988719372,0t49fgtahnrvv000294qhkf8jm
0t49vm3z8nt870001edtv01n6g,2.2321368000120856,0.13521935854311684,0.0002248105204225019,"[0.0015490046419752712, 1.4998279770932195, 0.32906843433496297, 1.4999767468661283, 1.4999297281452497, 0.11041699724924638]",0.018187773752938154,3999.998610347085,3522.6423272112647,10.002169079289786,10.000818964251634,0t49fgtahnrvv000294qhkf8jm
0t49vskvtszdd000xtsxhxmn64,1.9967757999547757,0.16908750210906928,0.00017631996025357504,"[0.0016465770026903893, 1.4999550775633155, 0.36373356208900715, 1.4998639729555894, 1.4996898979716988, 0.10930313147116244]",0.021178712272919203,2006.719960671038,5143.422101271158,10.000350543443055,2749.465170599047,0t49fgtahnrvv000294qhkf8jm
0t49w13qbnvd9000kmmcd6eskr,2.0790398999815807,0.1261031492001765,0.00016584972178114698,"[0.0016600324967749325, 1.4999967890126031, 0.3727466936732107, 1.4992206879315821, 1.499992083869662, 0.10861427631674139]",0.018612992235194296,10.00160857746986,2586.3578508010896,2019.4397554121012,2620.681216864747,0t49fgtahnrvv000294qhkf8jm
0t49w7gbvsv0f000qv7bwe6anw,2.0959382000146434,0.15944595641286505,0.00017130020391490107,"[0.0016419080446674374, 1.4998773934323872, 0.3818980014310328, 1.4990900202520756, 1.4999197564922788, 0.10788016505934069]",0.022941992033217434,1833.4335246411244,5999.999653379846,5999.999441962844,2676.6584930454756,0t49fgtahnrvv000294qhkf8jm
0t49whhmnnxb9000h5smsv2m2r,2.249997200036887,0.06585220978755948,0.0001813066770012265,"[0.001963570683444691, 1.4998031434119214, 0.44175066661570905, 1.4996192328076203, 1.4998099178115973, 0.10931314458739422]",0.023702333206928456,1784.725303593511,1161.042310453215,10.00005672375685,2723.8917480423247,0t49fgtahnrvv000294qhkf8jm
0t49wqc4pdx8n0001w28jkqn88,2.4176971999695525,0.1322201281986837,0.00017385246933114134,"[0.0019791140488706407, 1.4998437330210566, 0.45148027739614954, 1.499814076888659, 1.4991856222508646, 0.10746503462953191]",0.027359703612987663,2061.737177036717,3335.1906431546045,5999.999173929684,3191.5344065344507,0t49fgtahnrvv000294qhkf8jm
0t49x0vrsdxsf000v0384qw2d8,2.155161400034558,0.16006202317006255,0.0001710937147228017,"[0.001894811654248308, 1.4997503449396457, 0.44052703466406024, 1.4998429720726938, 1.499957739560812, 0.10900170874276564]",0.019401251937311327,3999.999719726845,4996.5809305732255,3027.7167382508173,2986.487854819373,0t49fgtahnrvv000294qhkf8jm
0t49xae699y5v000f4sdtgn2w0,1.936430100002326,0.09426732185665222,0.0001700008605190312,"[0.0020105697074575407, 1.4997570889426461, 0.46088403338180495, 1.499996665558617, 1.4994111675277018, 0.10932176825783801]",0.01860718874823665,1770.6281428093357,2092.740905302312,2936.857014106539,10.000745936702923,0t49fgtahnrvv000294qhkf8jm
0t49xfmpexvq9000vhjey8k214,2.0848973999964073,0.1717315305566846,0.00018186509877504735,"[0.0019869238726790625, 1.499912053592764, 0.4574933243022405, 1.4994876637991903, 1.499660845604202, 0.11059661953139778]",0.021040476164676834,1742.4659134580143,5999.99988290086,10.000521400254508,10.00006996727806,0t49fgtahnrvv000294qhkf8jm
0t49xn7bgxsbv000t1rpy4fpyr,2.1746649999986403,0.1398183093581482,0.00016549522047279393,"[0.001970889798376875, 1.4998839458685274, 0.44772536121370526, 1.4999916824721224, 1.4998221585023093, 0.11170829407714514]",0.013524543156066613,1998.5048998234336,4763.545114483339,2917.8475378081603,10.000698807985259,0t49fgtahnrvv000294qhkf8jm
0t49xvhys1zk700082zvehbnxr,1.7280383999459445,0.05372307528039015,0.00015259005342555882,"[0.001885450024795541, 1.4998823791856568, 0.4383041706058837, 1.4994890047068337, 1.4989009600069876, 0.11059991484232772]",0.018770757154746978,10.000036091898117,901.497915538094,2733.0178869392703,2677.2776559101526,0t49fgtahnrvv000294qhkf8jm
0t49y1m1thx7n000pp8yap0egw,2.3631002999609336,0.1221818684567771,0.00015221171907564313,"[0.0018305563711863322, 1.4998723610425277, 0.428959268237304, 1.4998174053189381, 1.4998383267589408, 0.1090635674086733]",0.02073672650985741,3999.999841083978,2546.3103447767517,2857.0254866675873,3253.3197210700055,0t49fgtahnrvv000294qhkf8jm
0t49yachqhsyx000mcq6v2appm,2.4198097999906167,0.04582630000603834,0.0001480331633586951,"[0.0018117373943350515, 1.4998982909231884, 0.4273729787088052, 1.4996949618686137, 1.4993549812931604, 0.11089139536479702]",0.015215752115908544,2114.026482958086,834.0262596752099,5999.999038199123,3055.0468010435334,0t49fgtahnrvv000294qhkf8jm
0t49yjtdpsyxk0007ybzpw7vgw,2.4059611999546178,0.13054486199481669,0.00013922188227028404,"[0.001756200684071986, 1.4999936517335843, 0.41670873209700515, 1.4997352111244489, 1.4998086688379004, 0.10997188736298158]",0.020137071457395628,2040.683506803733,4739.453784833468,5999.999835464788,3126.8452874656678,0t49fgtahnrvv000294qhkf8jm
0t49ywsvkxtzf000ak0qf2bw6r,2.185518999991473,0.1433708350334571,0.000137125920641944,"[0.0017475752609523824, 1.499767481595688, 0.41933895087488926, 1.4998693329198918, 1.4994242162141331, 0.11010859952857849]",0.01618900117290704,10.00033040033214,4699.088113548301,2707.6181467753513,3535.7882480879557,0t49fgtahnrvv000294qhkf8jm
0t49z50kg5wvk00082z3eq99vr,2.224187800020445,0.14741970761827658,0.00013864882726742953,"[0.0017578643289883136, 1.499936302967685, 0.4172681018695747, 1.4998301844784843, 1.4998868665191716, 0.11096962447990066]",0.021230613772378646,2040.3220571214113,2952.929229684258,10.001088212293375,2922.4090581721102,0t49fgtahnrvv000294qhkf8jm
0t49zbsvssw3b0005xp5vgj9dc,2.2803094999981113,0.048448886180497,0.00014127246062718826,"[0.0016985513394245748, 1.4999764708373604, 0.3962126433320006, 1.4998986985308336, 1.4998486003857674, 0.11371727320766507]",0.0185189152135713,2335.9695225611185,806.7105695612255,2771.4093798287445,5999.999838077011,0t49fgtahnrvv000294qhkf8jm
0t49znbdchs7x000fgfg7b0z6c,2.3238979000016116,0.16128261674288955,0.00013733988236519734,"[0.0017025403285243698, 1.4999959789054944, 0.405400727432756, 1.4998716304590802, 1.4992631944274724, 0.113291697261844]",0.02508689936266736,2170.37757112319,3490.7719586444864,3078.216316289932,5999.998940218775,0t49fgtahnrvv000294qhkf8jm
0t4a0003q1zax000mj94nmzeqg,2.509892200003378,0.17308333238761914,0.00014867545607740476,"[0.0021518839193447603, 1.499905627456707, 0.4849660502524355, 1.4996806964437992, 1.4995638515915597, 0.11285785376879869]",0.02492765256871952,1548.4430702755253,5999.999892216195,2019.3301796926671,5999.998329038447,0t49fgtahnrvv000294qhkf8jm
0t4a0azbtxrnz0005nmhzb40eg,2.4706927000079304,-0.0009183166721138114,0.00016164111140453172,"[0.0023903528763556565, 1.4999242807373951, 0.5131935033520114, 1.4980904963808122, 1.4996694514865487, 0.11315721195264614]",0.01948354325882565,1956.4682517225408,100.00041109426137,3017.5973368879404,10.000006211405138,0t49fgtahnrvv000294qhkf8jm
0t4a0fgq6xy67000cb680qsdzm,2.5250938000390306,0.1554351798121603,0.0001546943661174663,"[0.0023707787049539533, 1.4999991448276377, 0.503748018660352, 1.4997953054300766, 1.4999157191027062, 0.11208138390429945]",0.017372973330161905,3999.9999577256963,5999.999810034164,3100.2318587464874,3256.300658836441,0t49fgtahnrvv000294qhkf8jm
0t4a0sqhx1x5z00094rtjde3x0,2.5353020999464206,0.16849816572571147,0.0001771487885886362,"[0.0023623080028830658, 1.4997976883484947, 0.5126898883162208, 1.4992519687915125, 1.4998518464293538, 0.1118138464690745]",0.02194773233582063,10.000943464073126,5999.999616412457,10.00012742718976,2959.5978358743255,0t49fgtahnrvv000294qhkf8jm
0t4a10yrd5tc1000x2z5twhs9g,2.8343827999779023,0.18096061885602827,0.00014315497447570336,"[0.002357092376881968, 1.499912272535998, 0.5138327687825901, 1.4995514935956296, 1.4996230988735313, 0.11197336022575208]",0.02105685770512898,1776.9820605191703,4319.586638862132,10.00112396846421,5999.99988313297,0t49fgtahnrvv000294qhkf8jm
0t4a1ak1s1w1x000pt2grrc39g,2.509773400030099,-8.174100466226686e-05,0.00014920369115480812,"[0.0023223563451730787, 1.4997053557951214, 0.5077451855873327, 1.4996439659155514, 1.4998408958385223, 0.11373963585827022]",0.018768501445391304,3999.9997560536763,100.00011836309999,2931.0128656758316,3242.7180635781965,0t49fgtahnrvv000294qhkf8jm
0t4a1jdgc5xcz000pa5zk6q7rw,2.506052599987015,0.14710598244175713,0.0001521020814097761,"[0.00227831358132281, 1.4998180995807406, 0.5047260439969943, 1.4989653964973946, 1.499954912274632, 0.11202263896289244]",0.025229851532680928,2045.38319489886,5999.999980402366,3446.8362792297303,10.000485861976324,0t49fgtahnrvv000294qhkf8jm
0t4a1sf2gnzsn000cm3tg9vjj8,2.7745818000403233,0.13189401340388573,0.00015086840451433644,"[0.002536289561858588, 1.4998496132731465, 0.5291006216420867, 1.4999156181048376, 1.499430765264758, 0.11069496510899941]",0.01877305560499058,3999.9998956659174,3888.251678741386,5999.999741127231,2414.430852983291,0t49fgtahnrvv000294qhkf8jm
0t4a23arbxr450002h6yz8aqsg,2.7404936000239104,0.17842355041949598,0.00015261563582661812,"[0.002535940431670356, 1.4999575787360506, 0.5305329026165093, 1.499673722584263, 1.4998938974853582, 0.10847204730259064]",0.022422074082802723,3999.9996984261375,5999.999156374527,10.000318383612735,2847.4552496381234,0t49fgtahnrvv000294qhkf8jm
0t4a2c0yc5r7k000cnkgtcj730,2.4524868999724276,0.13107996770949415,0.0001416751013492542,"[0.0026132983941444393, 1.4998176841849626, 0.541109048193573, 1.4987648876379365, 1.4989334703713075, 0.10679912605524998]",0.02857258558714232,10.000173489627532,3750.121563796109,2895.06693991012,10.000082971931441,0t49fgtahnrvv000294qhkf8jm
0t4a2h60pnr9300038ny2y41k4,2.6167126999935135,0.17038703745089262,0.00014833995791524115,"[0.002681494605835253, 1.4997019889752914, 0.5570427350421373, 1.4998588296878743, 1.4997038930740911, 0.10944497909069133]",0.02077766388997462,10.000023793865427,4044.5176961152206,10.00066951520232,2956.488996668664,0t49fgtahnrvv000294qhkf8jm
0t4a2qmr7sz1h000j5xv6tcy34,2.6223159999935888,0.15532763169074087,0.00013963794152536713,"[0.0026579264927946086, 1.4995561583363015, 0.5633311277924148, 1.4993080377359624, 1.4999041732509828, 0.10690074565050385]",0.022817377909226402,10.000758797059595,3656.4611104896812,2822.783483725282,5999.999751963277,0t49fgtahnrvv000294qhkf8jm
0t4a31dt4hxjd000xcvex9zsr8,3.0104121000040323,0.007052807853506066,0.0001415813538856102,"[0.0026095788595828437, 1.4998113449968002, 0.5569093072219671, 1.4998086161811917, 1.4979993893470986, 0.11083324203925549]",0.01896546751895044,2279.216981367552,100.00000503177314,10.000885828247979,3165.5647414081236,0t49fgtahnrvv000294qhkf8jm
0t4a37ct99vhn000n44gkz4jwc,3.0202376999659464,0.1659544634260391,0.00013926223804648484,"[0.002507948545238104, 1.4993405120999648, 0.5424584241637633, 1.4997408658469844, 1.4993770443199208, 0.1093544557307827]",0.018770336318185775,3999.9997583882932,3918.9148948245847,10.000660888559183,3101.5544158260595,0t49fgtahnrvv000294qhkf8jm
0t4a3ffa1swfq000eg6s1fbq7c,2.830473499954678,0.06836822224890213,0.0001335640726612115,"[0.0025724474079656737, 1.4997392385380532, 0.5553906158549273, 1.4991271323760178, 1.4998690848719891, 0.10945456969261945]",0.01945407898742665,3999.9997315679266,1201.8098141026123,10.00035270092988,3010.2765331667,0t49fgtahnrvv000294qhkf8jm
0t4a3pdhadysd000abx5xn7ekc,3.02077050000662,0.15295046305076795,0.0001382586254906339,"[0.0025887361122200643, 1.4998117613807822, 0.5641237820713183, 1.4996958024996387, 1.499963129054431, 0.1078958587976397]",0.022532429573791115,1876.8917974842755,4048.9598084124805,10.000036741963902,10.002107803187755,0t49fgtahnrvv000294qhkf8jm
0t4a3v9vhxzsn000q4yay231r0,2.846534900018014,0.12752576828691478,0.00013478556313978812,"[0.0025520915295658315, 1.499774509119764, 0.5665747380869482, 1.499756078347453, 1.499510880612899, 0.11011430206312305]",0.021221363524325392,1892.150662936231,2277.93104585845,10.000563792841737,5999.999934884964,0t49fgtahnrvv000294qhkf8jm
0t4a4466dhv5k000hrn0jgegqw,3.0101049999939278,0.13882319511875096,0.0001409007650240497,"[0.0025814816494972373, 1.4994480935716668, 0.5617104920131976, 1.499142965805096, 1.4995389902251643, 0.10974584817056518]",0.023751370171282243,10.00015499573192,5999.999828663178,3634.156300670969,3620.7832443624434,0t49fgtahnrvv000294qhkf8jm
0t4a4db65dr250004a7qhr862m,3.1899455999955535,0.052733942525371946,0.00013044796357962305,"[0.00257480163417851, 1.4999425650130362, 0.5579407431680189, 1.4998305284165665, 1.4995103677189117, 0.11117084327078708]",0.02071114413908614,1905.1057225906354,1039.228686810239,10.000083484631713,10.000529689982729,0t49fgtahnrvv000294qhkf8jm
0t4a4h2445wr10009hcws8avxm,2.813858999987133,0.17810789472168184,0.00013820339991208445,"[0.0025482317345597444, 1.498429020961911, 0.5617581099483834, 1.4992847839413068, 1.499881794919423, 0.10746024651982534]",0.024171293994519696,3999.9998928603986,5999.999706152377,2581.9652983998067,10.000736924606127,0t49fgtahnrvv000294qhkf8jm
0t4a4rhw11vxd000z7trnf56kg,3.2921232999651693,0.062370098709182115,0.0001368609541866404,"[0.0027917092646795767, 1.4997705710456806, 0.5853777771134975, 1.4999550505813324, 1.4993885663507778, 0.10753905717408065]",0.02037671274513895,2155.770042974167,1236.5560022601333,5999.999761491683,10.00010855958731,0t49fgtahnrvv000294qhkf8jm
0t4a4ysf09t2q000pqewj3g0er,3.089457600028254,0.12045049159016664,0.0001406401433987345,"[0.002935592817231915, 1.4991918323369315, 0.6136970529538515, 1.4993551871159818, 1.4984950088658613, 0.10700639176716402]",0.0193201358991544,1941.1234682931329,1996.6271630596966,5999.999944497953,5999.999895626492,0t49fgtahnrvv000294qhkf8jm
0t4a59xmm1tbf0005n2z8qaax4,2.826083100051619,0.005380323323467287,0.00017001353871976351,"[0.003305299273746058, 1.4977788542851158, 0.6425396339786558, 1.499969958710535, 1.4994089314618249, 0.10680698471801277]",0.023757769773240966,10.000685243749748,100.00032512735125,2956.1658917269338,5999.998893399074,0t49fgtahnrvv000294qhkf8jm
0t4a5jbrcxsqq000tsvz801y20,2.3378175999969244,0.13524236247090787,0.00014059671454800447,"[0.003025979536919847, 1.4977797009081422, 0.6093171536510981, 1.4997953651327949, 1.49921232062881, 0.10967889203468352]",0.025874848911310772,10.001001749002087,3810.691096734172,5999.9999136305105,3065.3676696731027,0t49fgtahnrvv000294qhkf8jm
0t4a5v53fdvrq000z8z7bn9rkm,2.969239500002004,0.16562910735150377,0.00015692620389940658,"[0.0032526532113141167, 1.4991616333323259, 0.6493219512030766, 1.4991905822419294, 1.4993388059601198, 0.10558595794099485]",0.02319509990351056,3999.9990124623905,5999.999303141048,2906.8414002480017,5999.999579350154,0t49fgtahnrvv000294qhkf8jm
0t4a67edz1rr5000hyqwcgqpam,3.2904338999651372,0.10065213750931702,0.0001455511074916523,"[0.0031631096331882456, 1.4981090738449214, 0.6256365184090674, 1.4996523595804998, 1.499794615856114, 0.10744205196733038]",0.023383244695831848,3999.999587128874,1795.6922806672978,5999.999944136147,3087.8205599389808,0t49fgtahnrvv000294qhkf8jm
0t4a6h170hwn9000dsnfcj26qr,3.455902299960144,0.15212939621641916,0.000138517765103681,"[0.002997289865213998, 1.4991089426948667, 0.6041876828570372, 1.499824888165688, 1.4995252142196769, 0.10983992900019993]",0.027367932332355432,3999.999482733174,3813.1594572482377,2901.420500191106,5999.999760539833,0t49fgtahnrvv000294qhkf8jm
0t4a6wfcynwwf000fzr1ja3qw8,3.5209966999827884,0.12980045416376595,0.00014210195481043742,"[0.003017018052342939, 1.4999089894955087, 0.613656748174101, 1.4998465359886166, 1.4998126519196084, 0.10780388600004867]",0.022809441858543715,2139.8237957598008,3966.078049618306,5999.999625267201,10.000463915269757,0t49fgtahnrvv000294qhkf8jm
0t4a73ry4dt9d000e0bj9xzfrc,3.2053725000005215,0.15328798833953505,0.0001423392998030749,"[0.002958638181750465, 1.4996226794540841, 0.5969653506541043, 1.4991238285452937, 1.4996548370766996, 0.1091631533432429]",0.021789763392863058,2053.2982871152535,5999.999990085787,5999.998805087424,5999.9997155604415,0t49fgtahnrvv000294qhkf8jm
