recommendation_id,elapsed_time,new_predicted_output,new_predicted_uncertainty,current_trained_hps,average_rmse,plasma_duration,precursor_dose_time,process_pressure,ALD_purge_time,plasma_pressure,RF_power_setpoint,plasma_prep_time,plasma_purge_time,H2_plasma_flow_rate,Ar_process_flow_rate,ALD_purge_flow_rate,ALD_prep_time,campaign_id
0t5z98zgwdzrd000vq18wv55f8,47.859423300251365,0.01983293252849106,0.001504966154676563,"[0.001904352773056419, 1.0836592084023642, 0.6013000724488675, 0.8698607682979459, 1.4945212792661053, 1.4996891920467261, 1.2168204422068074, 1.4999245677848747, 1.498046962709537, 1.4993721232072825, 0.5096514119257144, 0.9864853471389552, 1.4928823804694549, 0.032167748633041476]",0.029124814567164755,104.20499773832961,101.1688822238433,5.0611449054111874,4998.964667558011,299.8547124506869,25.069073284725516,4999.673023115289,23.831454984015455,99.91934789329747,54.07057426975206,19.99973274155619,100.77875607637424,0t5z987czhtgx000n8y4ry3218
0t5z9gyq61yd5000g8js057440,66.10427400004119,0.025192262673922813,0.001419685483044753,"[0.0018346352345268609, 1.0653215386539319, 0.5988369883669167, 0.8812892537604687, 1.4996481829227244, 1.498171093061146, 1.263751231734004, 1.4988789140051457, 1.499827365666571, 1.4996963269967751, 0.5255719491392145, 0.9857061054861893, 1.4998425524887298, 0.03192093062305462]",0.032781038534072916,4997.557137609403,101.65372571000646,299.8826062106306,10.289610276851592,25.03530928513453,299.9440461957786,12.627704014374626,13.175517629231448,99.95728515105547,74.90912393891138,19.995780381526437,103.25257549512592,0t5z987czhtgx000n8y4ry3218
0t5z9n1wf9s8h000vtmhvgw3r4,69.93936189962551,0.050434222918003174,0.0014622218487031408,"[0.0018407333772579235, 1.087322411123527, 0.6115503397226847, 0.8782721308814182, 1.4982039718800464, 1.4997569212543587, 1.2600458685936544, 1.4985460955903038, 1.4990869167973044, 1.4990981127790273, 0.5253141349815729, 1.0098528369689004, 1.4967480977566634, 0.031666379942624806]",0.06064141268359807,4998.813462159338,4990.320789069303,5.402459473071777,30.122424482426332,298.82912422803537,25.229037633106813,11.86173617868509,9983.937430518721,99.75066308410857,99.97222703824669,19.973895033060725,125.85991536432991,0t5z987czhtgx000n8y4ry3218
0t5z9phqx5v7b000kwb1tfzz6g,74.90041220001876,0.03582157692219495,0.0014290477348343484,"[0.001834357382797032, 1.1067464892398617, 0.5818959190603641, 0.8386961380798023, 1.4987980836448513, 1.499180194699361, 1.33687242559887, 1.498424935972352, 1.49985600497266, 1.4997777275272872, 0.44689164974450024, 1.0275669279947521, 1.4997468456112015, 0.0315406311448424]",0.041849249331359605,100.03867987988544,4990.794608285108,5.072794445972699,4998.19195965357,299.8658009666565,25.09412630008053,4998.037348051931,19.650422387135098,99.90622283598532,64.78357066546133,1.0128896641375147,100.58392488020314,0t5z987czhtgx000n8y4ry3218
0t5za0gx2xzzd00042v0karyj4,72.20963079994544,0.022492542272780938,0.0014998517962327457,"[0.0018878712121629948, 1.296332186862416, 0.5478805269732877, 0.7796604869627708, 1.49746565650682, 1.4994326219746483, 1.3569884196114743, 1.4998989996353322, 1.4954141598270287, 1.4998738585076916, 0.39308754620961806, 1.1858210060651013, 1.4990878941896242, 0.0317818143892243]",0.04546141031119499,4997.278312209462,105.7987354733886,5.113816515167399,6.821227406526017,25.146967668828974,299.9914670958461,16.835214065782093,19.451813917537592,25.005288991384965,62.29572795792361,1.00152642672828,3996.7833661989316,0t5z987czhtgx000n8y4ry3218
0t5za64f2dtyh00052p2hvct3r,69.6273591001518,0.01480564336846894,0.0014594664617056654,"[0.001847006442696069, 1.2467973125134988, 0.5441819605232329, 0.7729169100116485, 1.4994646099538058, 1.4956457058537325, 1.4150358559479357, 1.499789117986285, 1.4991433116814226, 1.4977392828705716, 0.3903375708714484, 1.2085502934667072, 1.4965611204188998, 0.0324408035282434]",0.02957660973837686,110.32155827686158,102.0891991678756,299.4962147001983,7.126196242280569,25.062990609977856,25.065590146158755,4989.5147170968185,9972.962696091225,25.340762550112302,65.06361229549319,19.955696232958854,3996.1119543172495,0t5z987czhtgx000n8y4ry3218
0t5zafrh7hwcs000wbj05w1db4,75.2476385999471,0.04683145620233174,0.001403500145916904,"[0.0018421771205700405, 1.257126912635537, 0.540129326409241, 0.7858723143103392, 1.4973210316514487, 1.4981016283823334, 1.3931792995218766, 1.4999053207496265, 1.4985468663640078, 1.4992796333142802, 0.4017286433884439, 1.2094937655538205, 1.4995585509462392, 0.03198365277521095]",0.03388828290033817,100.10632201287483,2833.9556103154805,5.0468201258797025,5.721844055676172,25.002973572818977,25.033562401687984,11.427757218646803,12.236436960939516,99.9924520492374,69.20401638130599,19.99203216926351,100.10189229313356,0t5z987czhtgx000n8y4ry3218
0t5zajewmstts000mvrb1xjq5m,83.73770979978144,0.01606183956734216,0.0014250433938915988,"[0.0018312052976207221, 1.0844634486686766, 0.5474310274757243, 0.7791619945665466, 1.4984976542806367, 1.4978285497322008, 1.4153830566688286, 1.4978843672007591, 1.4986270057691238, 1.4962123198826593, 0.4542732089278267, 1.2621125343502968, 1.4982221294568756, 0.03244145883879733]",0.0448143065781071,4976.694429758366,105.42109166283049,299.60218409757306,4999.940364918129,299.40506878332565,25.220142144115943,4982.035219398737,34.069780826071074,99.56340529761847,25.094821890797572,1.0173265917566154,3995.374589545541,0t5z987czhtgx000n8y4ry3218
0t5zaxy329sg9000mj7nncpxb4,70.7796010999009,0.0674456283214771,0.0013976352581618597,"[0.0018158907361455166, 1.085018395705215, 0.5405905331686655, 0.7749571768504555, 1.4991909067090914, 1.4958807940991594, 1.3547222301130435, 1.4988773014113732, 1.4977274411904395, 1.4990605275620903, 0.45248913537057417, 1.241773438771083, 1.498192958408445, 0.03214995871101367]",0.06895314241832873,4992.384243744992,4996.384653266304,299.33667555934693,4995.04426550207,299.8204209842914,299.86306835868066,37.204779429473525,9992.146705378393,99.84636316472701,60.61803921333533,19.96012397222221,106.69634154653765,0t5z987czhtgx000n8y4ry3218
0t5zbbsd8nxbz000j0vfbegkhg,74.01551649998873,0.017830530633008726,0.0013454518964287029,"[0.0018026715186001616, 1.137309365175017, 0.5583177525093899, 0.8504813102680414, 1.4996977718841733, 1.496617015218824, 1.3010749836302966, 1.4967450050040667, 1.498433968396873, 1.499488915338796, 0.47065874139286457, 1.1680936398486592, 1.4987102925627513, 0.031281274053887614]",0.03590235067247884,100.14942490486891,2038.5942303287686,299.9543746751415,4999.82980031439,25.055207234658393,299.93368135173375,14.759915982462454,12.006934641820525,25.002554750841266,64.86519846108357,1.0014184261683934,103.07598810905431,0t5z987czhtgx000n8y4ry3218
0t5zbjsf21z0s0000cxt2nz360,80.28666520025581,0.037535438745946476,0.001370801640188259,"[0.0018110510553686551, 1.197045897224147, 0.5525457618154201, 0.8557570610510736, 1.4968990310934913, 1.4999356874873147, 1.2203415745299464, 1.4998158378219277, 1.4988755010852373, 1.4996698872319707, 0.4598828414538855, 1.2227445181621972, 1.4985802905680865, 0.031082947180945425]",0.066871740473046,4998.683884227243,3281.9841630470946,299.63108920361066,5.961380212747339,25.296755114570626,25.0120729145745,10.515222345615761,9998.993495974739,25.081816659679177,25.016073529088978,19.98813450071784,3998.667784600658,0t5z987czhtgx000n8y4ry3218
0t5zbxm85dw090009ymctfv8ac,74.47371529974043,0.036002679054617126,0.0014021341914672476,"[0.0017833713076653608, 1.216109168773579, 0.5694600050056484, 0.8714765513652438, 1.493528195614184, 1.4983168690522066, 1.2691540014553937, 1.4985852065271508, 1.4998920209519893, 1.4990675734489813, 0.45564655682047756, 1.1947743077610784, 1.497657366975331, 0.031163668431167857]",0.03349316604341837,104.03425275254357,4991.284882158019,5.227309207206404,4990.366386317266,25.0362756395607,299.89472513583775,4994.415513023161,9997.621154558956,99.96646446013632,99.99973548843224,19.99518483425394,103.69879456644783,0t5z987czhtgx000n8y4ry3218
0t5zbz5e9xvgh000bwn1bda6pr,77.71637889975682,0.039921283194938456,0.0013003845420379927,"[0.001740157727246238, 1.2116707199881027, 0.5481756247544743, 0.8378258196626615, 1.4984029936213954, 1.4975961676623366, 1.2283358933417778, 1.498895292720305, 1.4999902899300293, 1.4995605633488673, 0.4231047385862628, 1.233726809919957, 1.4997486270248341, 0.030165195752219806]",0.038823749084294985,4996.001228685541,2566.4168074554545,299.60623100723234,4998.203946081118,25.200159869770825,25.086289590040355,4998.463735247024,12.474684710587594,99.93158320461762,56.125256799446184,19.999024646589866,3995.9776431199334,0t5z987czhtgx000n8y4ry3218
0t5zcbn1vxxwx000revpdjdnmc,73.984236900229,0.04549528826349529,0.001332961052877893,"[0.0017188566325619936, 1.19456416124972, 0.5583027067452488, 0.8383819102116657, 1.4997015449066933, 1.4984458537225938, 1.2411204100812467, 1.4983172929371458, 1.4996897265180351, 1.4980357566023241, 0.42665808886976003, 1.2764958185147006, 1.496833526663624, 0.03136942645553999]",0.02520056307902345,104.97361526720377,4988.932890746922,299.59182836348424,7.887620727553456,299.690603486481,299.2664967071647,12.146207469871369,9994.661654133513,25.15719056716701,25.00720603402949,1.0277815631780298,101.66360485030644,0t5z987czhtgx000n8y4ry3218
0t5zckzm59t5x000rm7aggd71r,91.96946149971336,0.00910120100800333,0.001301636281250195,"[0.0017002414567537857, 1.1753673736686396, 0.5499267292830781, 0.8244632007092233, 1.4995316873978364, 1.4969737249719648, 1.2496830999333042, 1.4997699755078915, 1.498229116491304, 1.4996712817988525, 0.42699572591895485, 1.245138332277301, 1.4979661023118642, 0.03060984995101501]",0.05612391087982904,4996.436992395479,101.45189500435426,5.032349388157627,4992.284286485399,25.070126025765568,25.33324214865271,20.103763647935523,17.750693868294167,99.82323976573295,99.98846634298405,19.989531247324543,3988.0921955933645,0t5z987czhtgx000n8y4ry3218
0t5zcner25rg5000tybpz2zaz8,73.60386919975281,0.03780824164048533,0.0012502470640606245,"[0.001671348522587414, 1.2014539853646728, 0.5559297900211115, 0.8539042616454829, 1.4984735449457038, 1.4996113787007979, 1.217988362163456, 1.499543719343325, 1.4994391902131143, 1.497381949105394, 0.43120881279188106, 1.2425597270210185, 1.499269881366334, 0.030503275460534107]",0.031270745859778716,4983.572046693171,100.03118063523908,5.019739595897148,4999.074189311933,25.465033205458095,299.84053730403934,4992.457840219682,9990.97861262686,99.99879130177484,56.14148209725238,1.0197814345708296,100.90101794376946,0t5z987czhtgx000n8y4ry3218
0t5zd3dr85vd3000bmke8w9r7c,78.39476289972663,0.05212012152603106,0.001242827060326685,"[0.0016753764129557314, 1.148176753434195, 0.5556721414568171, 0.8200612592963522, 1.4972403891008035, 1.4999995591998365, 1.3111147013626963, 1.498220927769642, 1.499683542321974, 1.4966832768641363, 0.43671689961432286, 1.2018628267580518, 1.4978663592862587, 0.030557472876409086]",0.0350981132372312,104.37229832157291,4996.395756811764,299.8076842011877,4997.776346964836,299.9638223809529,299.85029116524026,4994.4820468617145,9996.293642584153,25.053287411768533,76.11244802008062,19.992827895290265,3999.7127937294285,0t5z987czhtgx000n8y4ry3218
0t5zdjvsd9w0v000tn7e7628vc,76.68740269960836,0.014913206687784557,0.0012556771050433824,"[0.0016746103344591444, 1.266166951168763, 0.5486870123476828, 0.8423006141254972, 1.4947200341053468, 1.4972218602284604, 1.2720311237056146, 1.4988182575510796, 1.4998193945273632, 1.4991438493362137, 0.4445623209345864, 1.1366554636372541, 1.4974039255140252, 0.0314390423282446]",0.04773200277246581,4999.801672331634,2518.650785773288,5.110662387615004,12.863077483971143,25.079043923659633,299.8761550863138,11.58008080995769,9996.691795948198,25.046572481117455,99.98122231506638,1.0227616398380048,132.31726773055738,0t5z987czhtgx000n8y4ry3218
0t5zdmfmf5sws000123ax6ctag,83.0090514998883,0.009412356406692537,0.0012749901224170842,"[0.0016745218813209173, 1.3170349769702032, 0.5473935416660669, 0.8496988456782919, 1.4955387149475246, 1.4973099872737738, 1.2565410099244083, 1.4996799418273048, 1.4994414613849452, 1.4995807245051243, 0.4275040160402589, 1.1718840125257295, 1.499680613435044, 0.03055868234708646]",0.03426755260384583,4997.720016707219,101.59250316463891,299.79428276206835,9.735828491773752,26.083759007898042,299.8237737193716,4998.520997227525,14.71152719033343,25.161118861685775,99.89949063821973,1.0245886950383438,102.65730933277769,0t5z987czhtgx000n8y4ry3218
0t5zdtj4a1ry1000dax343y9cr,71.79312149994075,0.007581917691777906,0.0012095423447881896,"[0.001647535907439105, 1.3504302858963115, 0.557928912847355, 0.8356087028079071, 1.4996572147955658, 1.4993057148142306, 1.2598773607490448, 1.498959259495123, 1.499089680145611, 1.4973048991870483, 0.4307299122712303, 1.1539616893947398, 1.498415524355159, 0.030077633514054375]",0.050917363292627,103.09421805957814,101.83879686150287,5.226289747464901,4992.688138963478,299.78677428709733,25.89048227071261,11.153979643962613,9999.529616031725,99.80727499556299,62.054684254924254,1.0247777021349773,3996.960083665835,0t5z987czhtgx000n8y4ry3218
0t5ze65q0dz2z000qgcfb38dng,77.57553299982101,0.043319613148892544,0.0012480700291430703,"[0.0016061428842636845, 1.300080326888111, 0.5633415222368421, 0.8246385692014163, 1.4938809234317065, 1.4995946154132316, 1.2630461274942788, 1.4996067987347117, 1.4972692503087517, 1.4987737262887335, 0.4333340818442204, 1.1084084910335423, 1.4999335432324126, 0.03004339293346793]",0.03160955933607188,121.97648909430367,103.29009375479592,5.197155058510818,4977.846563199497,299.68969245048123,298.0352857823891,4978.313499301502,9968.300869546056,25.138426266607905,25.007225735739148,19.94208062712918,100.99641929427659,0t5z987czhtgx000n8y4ry3218
0t5zejafm5x4b0004dzzz257e8,85.46514459978789,0.08438644234739895,0.0012065281769409275,"[0.0016070244180960425, 1.2238752385704583, 0.5098788062272643, 0.8338797919363393, 1.496055317662106, 1.4995092616879422, 1.2725870892542297, 1.4987716512954643, 1.4999831547226679, 1.4993383904482054, 0.42206914484942976, 1.1241048321006422, 1.4992277169854829, 0.02995090693137488]",0.03736346924468448,4999.476308248857,4998.640406588901,5.0936130282482965,6.220246190333645,25.270392131098614,299.8906308948727,4996.033523719065,14.882735912740863,99.94836061104269,53.17909614542353,1.001698663435954,101.72255308824457,0t5z987czhtgx000n8y4ry3218
0t5zetsq7st9900096mm2gzj0w,103.06121239997447,0.05489745575627,0.001420151805744666,"[0.0018184368699913564, 0.9271945679455943, 0.4234170048034772, 0.5848999405540891, 1.4990297917837325, 1.498831773087995, 1.3880755801159066, 1.499430168396647, 1.4992292548369277, 1.4986522659755819, 0.40082976068469633, 1.4994696869581907, 1.4990569881915274, 0.034187541560518536]",0.028103158483140125,4997.759238303222,2462.431069391124,5.018174207819948,4999.346232015419,299.8493758827798,299.74952653134363,13.555244574909356,13.38746751009873,99.99473301546392,63.36820077450591,1.0198853187653767,3999.8824388943212,0t5z987czhtgx000n8y4ry3218
0t5zf5m36dx8n0006thywhefn0,94.64483499992639,0.03385627682555424,0.0014745784854041794,"[0.0018709888314503362, 0.9855080422063289, 0.48360799575468955, 0.5990370528861939, 1.4996599382338172, 1.4968664826525273, 1.1946424666482822, 1.4999497293969641, 1.4989128195589378, 1.4993633331431786, 0.39262166754508876, 1.4971744114759216, 1.4999164794870092, 0.03432418371351349]",0.0427717638660122,100.70086817470172,4990.316343784267,299.44129720187294,8.994514545720904,25.674123619219223,25.940445918880258,4998.708631170347,37.28494604168187,25.088010942844367,25.005813351071254,1.0154156322889512,117.22492085030946,0t5z987czhtgx000n8y4ry3218
0t5zfc1brhrrz000b14f4nf3w0,91.0811063000001,0.011228451988674368,0.0014316405873953033,"[0.001863473331940299, 0.953152053246935, 0.4838243933362924, 0.5690871239191952, 1.4994129763812714, 1.4990540104490941, 1.2728583311829063, 1.4990005268209206, 1.4989666949039322, 1.4998357487907983, 0.3934597044757606, 1.496737081627351, 1.499325834659048, 0.03429119841184278]",0.03814756711749508,100.88444571664078,2044.037182032087,138.73253225419185,5.936997506578234,299.87863761488654,25.019574435360052,4998.15281526926,18.096427009000372,25.091571298151507,99.98905707670656,1.0135428543564171,101.48653764298865,0t5z987czhtgx000n8y4ry3218
0t5zfh338ny89000v58scmxy6g,80.46483709989116,0.052740400597615186,0.0013864411895071118,"[0.0018098176765333797, 0.9821244124391871, 0.48755107879946114, 0.5981132225821792, 1.498330661780532, 1.4996712111627302, 1.1901261593447434, 1.49984665410861, 1.4989086968497907, 1.4984797964459817, 0.38069095677527875, 1.4986327986897077, 1.4987081982280601, 0.03477563239088381]",0.07643252665228292,100.28190112272878,2142.8377250373037,5.0050459921085455,4998.423516725244,25.147046137576496,299.8078524063265,4999.9431284584525,16.205258297660162,25.068511355962578,53.872789044039195,19.968865168913815,3996.1595296072983,0t5z987czhtgx000n8y4ry3218
0t5zfvpn6dzkq0008dpebr4v08,87.092916500289,0.0168722091176097,0.0014363003510311403,"[0.001850960997939237, 1.0673736615419116, 0.5052247121539597, 0.6351441344959163, 1.4973587120647698, 1.4985897951288925, 1.0985000573707002, 1.4999662625224197, 1.499300411708676, 1.4995823482431225, 0.37618223839442677, 1.4971589221935904, 1.4979121495666716, 0.033904676933368794]",0.04084891873079083,4999.700029761328,101.23331502821621,5.011677886647245,8.287644576392386,25.25619275370844,25.013378358081624,4999.135280105985,9997.519742547865,25.051585140784233,60.64184893076682,19.980095500472114,100.33047016249009,0t5z987czhtgx000n8y4ry3218
0t5zg62w4nx6x000psrb5p9j98,98.25390659971163,0.009300118216527965,0.0013964480258278529,"[0.0018252902372115042, 1.0836925690047137, 0.5038012601690325, 0.6152342947986607, 1.4991918914034605, 1.4994230429346285, 1.1127396307861774, 1.4975592198430068, 1.4973976378747675, 1.4997704587553813, 0.37505277337040877, 1.498586885460484, 1.4986605927726078, 0.03319338404038351]",0.054724820916093056,103.10646475715899,2495.4059298643083,5.087160619279188,4999.01859561454,299.78561123992085,25.027460610397124,4997.681455952298,9995.321988719683,99.98187090417478,99.98471016206877,19.991513995310772,3999.455448155054,0t5z987czhtgx000n8y4ry3218
0t5zg7vvenstb00017pe2v6hm0,93.35689279995859,0.013562485094141357,0.0014332129874993697,"[0.0018126362239301273, 1.0807802987117694, 0.5122424739179775, 0.622144370051203, 1.4979260869573412, 1.4985290476073172, 1.1560438987048942, 1.4991368448933922, 1.4997883837110848, 1.4990893056974672, 0.3736115011704104, 1.4972672372771196, 1.498560572142303, 0.0341640362208992]",0.028364869224636373,4995.654194371056,103.5112044741819,299.84630075012683,19.238145725640067,299.9810502576552,299.8439233311695,4998.977109514574,9996.65839228264,99.83409190677682,60.316350565991826,1.032058530627841,3998.40923538318,0t5z987czhtgx000n8y4ry3218
0t5zgkqthdxt5000r4t1fyzgfr,96.98431890038773,0.05407253767496033,0.0013575359165764328,"[0.0018054105957258128, 1.0868174198694582, 0.5191386913655276, 0.6197092506366798, 1.4967342454878336, 1.4993354428141648, 1.1582220748752388, 1.4986778947449393, 1.488654734836731, 1.4991997370724948, 0.38018579313915213, 1.4970480355223097, 1.499987269645968, 0.033762838315645]",0.04251510522110797,4999.7665302373925,2449.176359021289,201.67606617388148,5.465917238894646,299.8794621091043,299.64126446246695,10.319495134819377,16.270575678031197,99.98636019386748,25.05537551690878,1.0221910037560857,3995.2813077170044,0t5z987czhtgx000n8y4ry3218
