run_id,ALD_prep_time,ALD_purge_flow_rate,ALD_purge_plasma_flow_rate,ALD_purge_time,Ar_plasma_flow_rate,Ar_process_flow_rate,H2_plasma_flow_rate,LC_preset,N2_plasma_flow_rate,Number_of_ALD_cycles,RF_power_setpoint,Sample_name,TC_preset,ald_valves_delay,plasma_duration,plasma_prep_time,plasma_pressure,plasma_purge_time,precursor_dose_time,precursor_purge_time,process_pressure,Initial_thickness,Temperature,dep_rate_fit,dep_rate_mean,dep_rate_direct,dep_rate_deviation,fit_diff_variation,is_prior,from_recommendation_id,campaign_id
0t5t37dkehr2v000xp6zpmahmr,964,10,0,4695,0,40,34,50,0,25,119,250904_TDMAT_Campaign0018_01_RNG,30,10,3868,1314,245,4427,206,4695,113,0.0056394,150,0.06338285714285714,0.06080714285714287,0.113118424,0.024243451672144204,16.550325468042203,True,,0t7sgmp3f1vzv000fjpr6p0xr8
0t5t3g899xzj7000ehgpjshxr4,1385,14,0,2261,0,89,36,50,0,25,26,250904_TDMAT_Campaign0018_01_RNG,30,10,4099,4054,27,5008,4181,2261,117,2.7836,150,0.08506571428571427,0.08527857142857144,0.09402,0.005696763313048962,13.419651593163117,True,,0t7sgmp3f1vzv000fjpr6p0xr8
0t5t3t9d3nwt1000kszw28th3g,825,11,0,908,0,46,84,50,0,25,283,250904_TDMAT_Campaign0018_01_RNG,30,10,792,2580,172,7930,1073,908,124,5.1216,150,0.02995178571428572,0.033392307692307686,0.035688,0.01611150862145334,2.5602857044639737,True,,0t7sgmp3f1vzv000fjpr6p0xr8
0t5t413gf1zcx000zwvecgvtdm,2599,3,0,116,0,56,76,50,0,25,266,250904_TDMAT_Campaign0018_01_RNG,30,10,1116,3949,250,3787,4331,116,261,5.9773,150,0.011642142857142889,0.011564285714285725,0.014148000000000032,0.003918018293338988,1.8039119862892763,True,,0t7sgmp3f1vzv000fjpr6p0xr8
0t5t48a67nvm7000x9by6hd684,1731,6,0,2008,0,83,92,50,0,25,245,250904_TDMAT_Campaign0018_01_RNG,30,10,2354,551,277,3738,4066,2008,145,6.2883,150,0.05468392857142858,0.05536428571428572,0.05664800000000003,0.011745005451732434,6.15035926448014,True,,0t7sgmp3f1vzv000fjpr6p0xr8
0t5t4fp9ndvtq0000v126rpe40,995,1,0,628,0,89,99,50,0,25,288,250904_TDMAT_Campaign0018_01_RNG,30,10,2384,4391,224,6360,4983,628,246,7.671,150,0.007149285714285705,0.006914285714285714,0.008323999999999998,0.002320362392526758,1.6029632304698842,True,,0t7sgmp3f1vzv000fjpr6p0xr8
0t5t4rkdjxstx000a7v0fedt2r,725,19,0,410,0,27,46,50,0,25,77,250904_TDMAT_Campaign0018_01_RNG,30,10,535,1965,209,8712,4821,410,38,7.8356,150,0.1430382142857143,0.14275,0.13837599999999997,0.02077769236464899,19.09840352064944,True,,0t7sgmp3f1vzv000fjpr6p0xr8
0t5t50dcqdtfq0007e6k48kbr0,1080,14,0,1982,0,51,80,50,0,25,248,250904_TDMAT_Campaign0018_01_RNG,30,10,299,4937,245,8786,1762,1982,199,11.268,150,0.04748642857142855,0.0462928571428571,0.05939999999999998,0.01649426152530966,5.806634807690106,True,,0t7sgmp3f1vzv000fjpr6p0xr8
0t5t59g2ahz8z000g43xvh3qhw,258,2,0,3321,0,43,44,50,0,25,51,250904_TDMAT_Campaign0018_01_RNG,30,10,4921,1158,261,8378,2591,3321,101,12.715,150,0.014288928571428607,0.014378571428571543,0.012800000000000011,0.001338004148738457,2.613040201569588,True,,0t7sgmp3f1vzv000fjpr6p0xr8
0t5t5kt0y1zk3000c42eyb23yg,3391,9,0,40,0,85,66,50,0,25,159,250904_TDMAT_Campaign0018_01_RNG,30,10,4520,2154,125,1594,3459,40,253,13.017,150,0.04777392857142859,0.046892857142857104,0.04892000000000003,0.0077955540704499,1.8347247187445799,True,,0t7sgmp3f1vzv000fjpr6p0xr8
0t5t5tpca9wj70001wm9vxjrp8,3736,16,0,2890,0,55,67,50,0,25,89,250904_TDMAT_Campaign0018_01_RNG,30,10,3764,3926,278,7944,4499,2890,59,14.228,150,0.09560678571428576,0.09490000000000011,0.09663999999999995,0.007257114735603003,5.463530131196811,True,,0t7sgmp3f1vzv000fjpr6p0xr8
0t5t677gfxw7z000fha1ebtn1w,3317,1,0,246,0,48,52,50,0,25,95,250904_TDMAT_Campaign0018_01_RNG,30,10,4884,3144,137,6343,4483,246,246,16.603,150,0.006416785714285833,0.008676923076923079,0.007879999999999967,0.007773639267139763,0.7425216151458743,True,,0t7sgmp3f1vzv000fjpr6p0xr8
0t5t6h1awsw53000vvm0zqef90,348,1,0,977,0,66,28,50,0,25,63,250904_TDMAT_Campaign0018_01_RNG,30,10,4018,4932,252,8008,2839,977,174,16.764,150,0.0054975000000000405,0.006146153846154006,0.01,0.0024833647721823364,0.9723204073482252,True,,0t7sgmp3f1vzv000fjpr6p0xr8
0t5t6tm08hz59000ahafznjzcc,3870,17,0,3524,0,71,47,50,0,25,184,250904_TDMAT_Campaign0018_01_RNG,30,10,3938,1784,239,9929,499,3524,104,16.973,150,0.020778928571428563,0.020471428571428568,0.02240000000000009,0.004242039363228735,1.8941315605037776,True,,0t7sgmp3f1vzv000fjpr6p0xr8
0t5t764rr9xpb000maavsc258c,2751,6,0,4312,0,78,44,50,0,25,105,250904_TDMAT_Campaign0018_01_RNG,30,10,4936,1100,68,9165,282,4312,163,17.49,150,0.0035635714285713323,0.003549999999999847,0.0022400000000000375,0.0012081568015548142,1.3046669313561086,True,,0t7sgmp3f1vzv000fjpr6p0xr8
0t5vcqdmcxvcn000wncjkxygj8,101,19,0,9,0,25,99,50,0,25,25,250905_TDMAT_Campaign0019_02_GP,30,10,100,16,25,15,101,9,299,1.3774,150,-0.0012496428571428684,0.0046999999999999265,0.0005799999999999983,1e-06,1.9236114353423606,True,,0t7sgmp3f1vzv000fjpr6p0xr8
0t5vcrpzy9sg9000t7mdp0wr00,3995,1,0,7,0,25,99,50,0,25,299,250905_TDMAT_Campaign0019_02_GP,30,10,100,4998,299,11,100,7,5,1.3834,150,-0.00026464285714286525,0.0020999999999999465,0.004047999999999999,0.00061967733539314,2.485061259432516,True,,0t7sgmp3f1vzv000fjpr6p0xr8
0t5vcxgmyds5s000xnfddwpjxc,3993,19,0,4998,0,99,99,50,0,25,299,250905_TDMAT_Campaign0019_02_GP,30,10,101,14,25,10,4998,4998,299,1.4379,150,0.06839964285714285,0.06594285714285715,0.074368,0.028938795371456272,14.42657585572483,True,,0t7sgmp3f1vzv000fjpr6p0xr8
0t5vd5w72nttz000jrebgdzrm0,102,19,0,4990,0,25,25,50,0,25,299,250905_TDMAT_Campaign0019_02_GP,30,10,4997,12,299,21,2972,4990,299,3.1771,150,0.0723367857142857,0.07178571428571424,0.059416,0.0056231482212695146,8.24677362113812,True,,0t7sgmp3f1vzv000fjpr6p0xr8
0t5vde4961svd000kghaj9pmeg,114,1,0,19,0,99,99,50,0,25,25,250905_TDMAT_Campaign0019_02_GP,30,10,101,10,25,20,101,19,299,4.6648,150,-0.0007742857142857178,0.00354999999999972,0.00022800000000000153,1e-06,0.5927512519158428,True,,0t7sgmp3f1vzv000fjpr6p0xr8
0t5vdfen55xvn000f91mk5qwmc,3998,19,0,15,0,99,25,50,0,25,299,250905_TDMAT_Campaign0019_02_GP,30,10,100,4998,25,10,2124,15,5,4.6283,150,0.0,0.0,-0.0003920000000000101,1e-06,0.3410352494652236,True,,0t7sgmp3f1vzv000fjpr6p0xr8
0t5vdg1ffxyf1000033zr2s11g,115,1,0,4998,0,25,25,50,0,25,25,250905_TDMAT_Campaign0019_02_GP,30,10,102,23,25,17,4997,4998,5,4.6074,150,0.011431071428571445,0.011630769230769248,0.02353200000000001,0.005586437507362654,5.296216115104447,True,,0t7sgmp3f1vzv000fjpr6p0xr8
0t5vdq674xt3v000fx4vyngesw,3998,1,0,4999,0,99,25,50,0,25,299,250905_TDMAT_Campaign0019_02_GP,30,10,103,4998,25,11,2215,4999,5,5.0948,150,0.0,0.0,-0.00012000000000000454,1e-06,0.14963607070254015,True,,0t7sgmp3f1vzv000fjpr6p0xr8
0t5vdqrbwhwrq0006t6e5p4gbc,100,19,0,4992,0,99,99,50,0,25,25,250905_TDMAT_Campaign0019_02_GP,30,10,4996,4998,25,9993,2101,4992,299,5.0852,150,0.058768214285714285,0.05897857142857145,0.053283999999999984,0.004888642606144853,4.65958255165438,True,,0t7sgmp3f1vzv000fjpr6p0xr8
0t5ve5gnp5xzx000wfj3ef01qc,3995,10,0,4994,0,25,25,50,0,25,299,250905_TDMAT_Campaign0019_02_GP,30,10,103,23,26,9997,4998,4994,299,6.4053,150,0.0647914285714286,0.07248461538461534,0.09064799999999998,0.042098964835690415,17.975367814095723,True,,0t7sgmp3f1vzv000fjpr6p0xr8
0t5vej35g5z79000jpg5vzpe20,3998,10,0,4998,0,99,99,50,0,25,25,250905_TDMAT_Campaign0019_02_GP,30,10,102,4998,299,13,100,4998,299,8.6007,150,0.00506107142857142,0.006658333333333359,0.007019999999999982,0.0018459226840676305,0.8765825859048705,True,,0t7sgmp3f1vzv000fjpr6p0xr8
0t5vetr139rd9000wyfg0wws80,101,19,0,8,0,25,99,50,0,25,299,250905_TDMAT_Campaign0019_02_GP,30,10,4994,4979,25,23,4999,8,299,8.7297,150,0.0786235714285714,0.07806428571428572,0.07121200000000001,0.02315468502863955,6.747748741430342,True,,0t7sgmp3f1vzv000fjpr6p0xr8
0t5vf1vfxds7s0004bfztxkaz8,103,10,0,4999,0,25,99,50,0,25,299,250905_TDMAT_Campaign0019_02_GP,30,10,109,4999,25,9993,4999,4999,5,10.374,150,0.08961107142857141,0.0897571428571429,0.09095999999999997,0.003986533453966575,15.08908972583313,True,,0t7sgmp3f1vzv000fjpr6p0xr8
0t5vfevsdhwhb000cejm551wt4,112,1,0,4986,0,25,25,50,0,25,299,250905_TDMAT_Campaign0019_02_GP,30,10,135,14,299,9999,100,4986,299,12.637,150,0.005695000000000006,0.0073333333333332655,0.027959999999999995,0.00842074158782325,2.615126000702243,True,,0t7sgmp3f1vzv000fjpr6p0xr8
0t5vfr1x99yb3000dbbfsp29y4,3995,19,0,4998,0,25,99,50,0,25,25,250905_TDMAT_Campaign0019_02_GP,30,10,101,11,25,28,2862,4998,5,13.288,150,0.004222500000000055,0.0043076923076923795,0.008119999999999976,0.0008597508927785088,1.945283331720386,True,,0t7sgmp3f1vzv000fjpr6p0xr8
0t5vfzvjddy8s000nkqt30wzhm,103,19,0,11,0,99,99,50,0,25,299,250905_TDMAT_Campaign0019_02_GP,30,10,4998,4995,299,28,103,11,5,13.47,150,0.0,0.0,-4.000000000004889e-05,1e-06,0.11858741922993805,True,,0t7sgmp3f1vzv000fjpr6p0xr8
0t5vg0czrhtmz000gvk3906jdm,3997,19,0,10,0,99,25,50,0,25,299,250905_TDMAT_Campaign0019_02_GP,30,10,4951,21,26,9985,4996,10,299,13.467,150,0.07062607142857143,0.06977857142857147,0.06379999999999995,0.005711039256365914,5.244274853473217,True,,0t7sgmp3f1vzv000fjpr6p0xr8
0t5vgayqssw2k0000gggg7f6br,3999,1,0,4996,0,25,99,50,0,25,25,250905_TDMAT_Campaign0019_02_GP,30,10,100,4999,25,9994,2102,4996,299,14.999,150,0.01618178571428571,0.015907142857142835,0.016400000000000005,0.0035650013595897095,2.6427079754123115,True,,0t7sgmp3f1vzv000fjpr6p0xr8
0t5vgrbbhhvhn0004zyszwa2n0,107,1,0,19,0,25,25,50,0,25,298,250905_TDMAT_Campaign0019_02_GP,30,10,4989,4980,25,25,116,19,299,15.375,150,0.014937857142857055,0.013271428571428474,0.025679999999999977,0.008184517489175333,4.203304054030997,True,,0t7sgmp3f1vzv000fjpr6p0xr8
0t5vgxjqy9tmd000azhvkkck5c,150,19,0,4982,0,99,25,50,0,25,25,250905_TDMAT_Campaign0019_02_GP,30,10,153,4996,298,12,4992,4982,298,15.771,150,0.08986357142857133,0.08860000000000008,0.09099999999999994,0.013873664671908533,11.882759765673828,True,,0t7sgmp3f1vzv000fjpr6p0xr8
0t5vh6nygszrx00046bppj7hpg,3997,9,0,12,0,25,25,50,0,25,25,250905_TDMAT_Campaign0019_02_GP,30,10,105,10,299,11,1941,12,5,18.082,150,0.0,0.0,0.0030799999999999274,1e-06,1.5266914732278545,True,,0t7sgmp3f1vzv000fjpr6p0xr8
0t5vha84h1svb0002thqmhz0ac,107,8,0,4982,0,25,99,50,0,25,25,250905_TDMAT_Campaign0019_02_GP,30,10,4997,4979,298,13,4998,4982,299,18.165,150,0.06293142857142857,0.06305714285714283,0.06688000000000002,0.01794311305549963,3.3790930279934988,True,,0t7sgmp3f1vzv000fjpr6p0xr8
0t5vhn86wdy7n000bpcm1r33fm,3968,19,0,4994,0,25,25,50,0,25,299,250905_TDMAT_Campaign0019_02_GP,30,10,105,4996,25,18,102,4994,299,19.822,150,0.0032442857142856644,0.003342857142856965,0.004759999999999991,0.001032828491994671,0.4381228260883066,True,,0t7sgmp3f1vzv000fjpr6p0xr8
0t5vhxza21v75000byqw3zr1dw,3999,1,0,4997,0,99,99,50,0,25,299,250905_TDMAT_Campaign0019_02_GP,30,10,4999,12,299,16,1705,4997,299,19.882,150,0.001910714285714337,0.0037666666666669674,0.005439999999999969,0.0028813577046635495,1.4687387124698452,True,,0t7sgmp3f1vzv000fjpr6p0xr8
0t5vj795p1zkn000q0w5kjz1n4,102,19,0,4992,0,99,25,50,0,25,25,250905_TDMAT_Campaign0019_02_GP,30,10,100,10,25,9997,102,4992,6,19.95,150,0.0,0.0,-0.0008400000000000318,1e-06,0.09981074146539404,True,,0t7sgmp3f1vzv000fjpr6p0xr8
0t5vj7wrjxtcd000ypk8ttmp8g,3997,19,0,7,0,99,99,50,0,25,25,250905_TDMAT_Campaign0019_02_GP,30,10,107,14,299,9999,2677,7,299,19.911,150,0.04415214285714283,0.04828461538461545,0.044119999999999916,0.007483504542437574,5.780276149511812,True,,0t7sgmp3f1vzv000fjpr6p0xr8
0t5vjfnyt5wds0001af389kytg,107,12,0,34,0,99,25,50,0,25,299,250905_TDMAT_Campaign0019_02_GP,30,10,140,17,298,45,4996,34,5,20.934,150,0.0,0.0,-0.0006000000000000227,1e-06,0.07549645483890599,True,,0t7sgmp3f1vzv000fjpr6p0xr8
0t5vjg7spsy5f000twknvzgshr,102,19,0,7,0,25,99,50,0,25,299,250905_TDMAT_Campaign0019_02_GP,30,10,4999,10,25,9996,2409,7,5,20.903,150,0.10606107142857141,0.10619999999999992,0.1162400000000001,0.008569297354092408,3.779982769307881,True,,0t7sgmp3f1vzv000fjpr6p0xr8
0t5vjr9a4nwy30007k0zbrfr5g,3997,1,0,4999,0,99,25,50,0,25,26,250905_TDMAT_Campaign0019_02_GP,30,10,102,10,299,9998,4998,4999,5,23.577,150,0.0,0.0,-0.002080000000000126,1e-06,0.28776226105509706,True,,0t7sgmp3f1vzv000fjpr6p0xr8
0t5vjrwfd5xs3000zyw17832nr,107,1,0,5,0,99,99,50,0,25,299,250905_TDMAT_Campaign0019_02_GP,30,10,4997,4999,299,9990,101,5,6,23.481,150,0.0009210714285714009,0.004033333333332223,0.006239999999999952,0.002260285134420917,0.7627414680036726,True,,0t7sgmp3f1vzv000fjpr6p0xr8
0t5vk20n41rfz000k0ndjgw3y4,3997,11,0,11,0,25,99,50,0,25,25,250905_TDMAT_Campaign0019_02_GP,30,10,4987,4997,25,31,112,11,5,23.532,150,0.0031850000000000125,0.0031714285714285395,0.000759999999999934,0.0009873692111785008,1.2404924261404877,True,,0t7sgmp3f1vzv000fjpr6p0xr8
0t5vk8rr35v0b0001zdt09j270,3981,19,0,26,0,99,25,50,0,25,25,250905_TDMAT_Campaign0019_02_GP,30,10,4967,28,299,26,104,26,299,23.532,150,0.0015560714285714054,0.006071428571428125,0.008119999999999976,0.0031253407977436696,1.4838012999866437,True,,0t7sgmp3f1vzv000fjpr6p0xr8
0t5vkdg1d9wff000j89br0kxeg,106,1,0,4998,0,99,25,50,0,25,25,250905_TDMAT_Campaign0019_02_GP,30,10,4991,4998,299,12,100,4998,5,23.667,150,0.0,0.0,-0.0008800000000000807,1e-06,0.1685585065134537,True,,0t7sgmp3f1vzv000fjpr6p0xr8
0t5vke466xzws000vrq24g5w7w,102,10,0,4998,0,99,99,50,0,25,299,250905_TDMAT_Campaign0019_02_GP,30,10,102,11,25,15,100,4998,5,23.62,150,0.0,0.0,-0.0005599999999999738,1e-06,0.10797943640801398,True,,0t7sgmp3f1vzv000fjpr6p0xr8
0t5vkepghnyvv000ws5a1aw1t8,3975,1,0,4979,0,25,25,50,0,25,299,250905_TDMAT_Campaign0019_02_GP,30,10,4955,4997,299,10,4994,4979,6,23.591,150,0.2397175,0.24445,0.21655999999999992,0.04107040557732239,6.805623269675971,True,,0t7sgmp3f1vzv000fjpr6p0xr8
0t5vkv623xzfq000prh0m6j0p0,104,1,0,4993,0,99,25,50,0,25,299,250905_TDMAT_Campaign0019_02_GP,30,10,4993,17,25,9991,4999,4993,299,28.913,150,0.039905714285714274,0.038314285714285745,0.04939999999999998,0.012226601977588169,1.5352743839693912,True,,0t7sgmp3f1vzv000fjpr6p0xr8
0t5vm84jj9zan000ahhjwxhdnm,3984,19,0,4988,0,99,99,50,0,25,299,250905_TDMAT_Campaign0019_02_GP,30,10,4999,4997,299,12,4997,4988,5,29.969,150,0.0,0.0,-0.0016800000000000636,1e-06,0.167693341428019,True,,0t7sgmp3f1vzv000fjpr6p0xr8
0t5vm8rpp9ryq000my9nz07nfr,3992,1,0,7,0,25,25,50,0,25,25,250905_TDMAT_Campaign0019_02_GP,30,10,110,16,25,9988,103,7,5,29.887,150,0.007226785714285759,0.006985714285714246,0.004159999999999968,0.003636885862315147,0.7297304026142623,True,,0t7sgmp3f1vzv000fjpr6p0xr8
0t5vmffwf9z7z000pdamkfsq9c,3981,1,0,13,0,99,99,50,0,25,25,250905_TDMAT_Campaign0019_02_GP,30,10,4996,4997,25,12,4999,13,5,29.987,150,0.0,0.0,-0.00031999999999996474,1e-06,0.0526392550633218,True,,0t7sgmp3f1vzv000fjpr6p0xr8
0t5vmg2jw1se5000z4bc4h1qzg,3972,19,0,4992,0,25,99,50,0,25,298,250905_TDMAT_Campaign0019_02_GP,30,10,120,4999,27,9999,4997,4992,299,29.971,150,0.0907067857142858,0.0902785714285714,0.09968000000000003,0.004911237634450849,1.2808734991246453,True,,0t7sgmp3f1vzv000fjpr6p0xr8
0t5vmyn055sqh000p61gdcd8jc,105,19,0,5,0,25,99,50,0,25,25,250905_TDMAT_Campaign0019_02_GP,30,10,4979,11,299,16,4997,5,5,32.409,150,0.14603821428571437,0.14633571428571454,0.15195999999999998,0.0034141736383275505,4.000286701033509,True,,0t7sgmp3f1vzv000fjpr6p0xr8
0t5vn3v211r6z000f3vfa5rp94,3998,1,0,23,0,99,25,50,0,25,299,250905_TDMAT_Campaign0019_02_GP,30,10,101,13,299,9996,101,23,299,36.191,150,0.0010310714285712713,0.0015625000000012434,0.0026399999999998157,0.0005566361019548982,0.22646207166622528,True,,0t7sgmp3f1vzv000fjpr6p0xr8
0t5vnak83nwwk000met117t5d4,3996,1,0,4998,0,25,99,50,0,25,299,250905_TDMAT_Campaign0019_02_GP,30,10,4999,12,25,9999,4997,4998,5,36.196,150,0.14258857142857123,0.14222142857142828,0.1404000000000002,0.005753033804800786,3.4766343703750486,True,,0t7sgmp3f1vzv000fjpr6p0xr8
0t5vns656hzkk000e37gkyrq0m,102,19,0,6,0,25,25,50,0,25,25,250905_TDMAT_Campaign0019_02_GP,30,10,4986,4997,299,9984,107,6,299,39.592,150,0.0011403571428570355,0.007520000000000948,0.0028000000000000112,0.004172001917546291,0.3107102150143401,True,,0t7sgmp3f1vzv000fjpr6p0xr8
0t5vp2avs9yzh00064p94pkzzg,3998,1,0,4987,0,25,25,50,0,25,299,250905_TDMAT_Campaign0019_02_GP,30,10,4998,4999,25,9993,1606,4987,5,39.605,150,0.11975500000000001,0.11946428571428568,0.12212000000000017,0.015583993947217654,2.350501626656848,True,,0t7sgmp3f1vzv000fjpr6p0xr8
0t5vpheyn5xsz000mpa2sw5vbw,102,19,0,4996,0,99,25,50,0,25,299,250905_TDMAT_Campaign0019_02_GP,30,10,103,4992,299,9986,103,4996,299,42.537,150,0.012176428571428538,0.01182142857142868,0.012439999999999998,0.0017428132312968313,0.2753046867867601,True,,0t7sgmp3f1vzv000fjpr6p0xr8
0t5vpwjatnrw5000qekca5nz90,101,1,0,4982,0,99,99,50,0,25,25,250905_TDMAT_Campaign0019_02_GP,30,10,101,12,26,17,4999,4982,299,42.782,150,0.022596071428571562,0.026392857142857298,0.038920000000000246,0.012659917867354903,1.019009805267186,True,,0t7sgmp3f1vzv000fjpr6p0xr8
0t5vq3s3n1x93000jr67mphscc,3999,19,0,8,0,25,25,50,0,25,299,250905_TDMAT_Campaign0019_02_GP,30,10,100,4998,299,18,4997,8,5,43.765,150,0.12948785714285707,0.12948571428571448,0.13139999999999985,0.0031363894489545106,2.1366654537188627,True,,0t7sgmp3f1vzv000fjpr6p0xr8
0t5vqahktdt0d000tb57tqpbjm,100,19,0,4995,0,54,25,50,0,25,25,250905_TDMAT_Campaign0019_02_GP,30,10,102,11,25,9998,4997,4995,299,47.033,150,0.009958928571428619,0.010328571428571211,0.027680000000000007,0.007126953724261264,0.7668074164728854,True,,0t7sgmp3f1vzv000fjpr6p0xr8
0t5vqnqkn5y13000tvat0h1bng,3998,1,0,11,0,58,99,50,0,25,25,250905_TDMAT_Campaign0019_02_GP,30,10,107,13,299,48,100,11,299,47.713,150,0.017072142857142984,0.014992857142857474,0.012119999999999891,0.009601299338088839,0.7927745267205459,True,,0t7sgmp3f1vzv000fjpr6p0xr8
0t5vqrn3fnxz5000acff42mtsr,105,19,0,4996,0,63,25,50,0,25,299,250905_TDMAT_Campaign0019_02_GP,30,10,4997,12,25,49,4997,4996,5,47.913,150,0.23507749999999974,0.2344857142857139,0.23628000000000016,0.012983003017288006,2.4928435483455096,True,,0t7sgmp3f1vzv000fjpr6p0xr8
0t5vr1vmcst6q0009nf4p5dn2w,3998,1,0,8,0,99,99,50,0,25,25,250905_TDMAT_Campaign0019_02_GP,30,10,100,4999,25,9998,105,8,5,53.596,150,0.0,0.0,-0.0016799999999997795,1e-06,0.27452788954301915,True,,0t7sgmp3f1vzv000fjpr6p0xr8
0t5vr2fd99w41000ydsc32wvew,3999,1,0,5,0,62,25,50,0,25,299,250905_TDMAT_Campaign0019_02_GP,30,10,102,11,25,9998,4995,5,5,53.518,150,0.015483571428571248,0.014785714285714338,0.01871999999999986,0.0054212356449763075,0.7493255320142914,True,,0t7sgmp3f1vzv000fjpr6p0xr8
0t5vrb56cdsk5000tm5bbxyrdm,3997,19,0,4996,0,25,99,50,0,25,299,250905_TDMAT_Campaign0019_02_GP,30,10,4998,11,25,9994,101,4996,299,54.01,150,0.012193928571428612,0.016654545454545398,0.014000000000000058,0.009391714301481925,0.9667707440532672,True,,0t7sgmp3f1vzv000fjpr6p0xr8
0t5vrqskc1zfk000r6bagzrs9g,3992,19,0,19,0,25,99,50,0,25,25,250905_TDMAT_Campaign0019_02_GP,30,10,104,23,299,53,4992,19,299,54.247,150,0.05861785714285725,0.05846428571428573,0.05644000000000005,0.02420476951649949,0.759370057017879,True,,0t7sgmp3f1vzv000fjpr6p0xr8
0t5z98zhnnrfs0009r6q3w2wc4,100,19,0,4998,0,54,99,50,0,25,25,250905_TDMAT_Campaign0019_03_GP,30,10,104,4999,299,23,101,4998,5,56.399,150,0.02441392857142858,0.024171428571428573,0.047719999999999915,0.004266887217937499,2.185155094679239,True,,0t7sgmp3f1vzv000fjpr6p0xr8
0t5z9gyqy5y4h000bdm907rnzw,103,19,0,10,0,74,99,50,0,25,299,250905_TDMAT_Campaign0019_03_GP,30,10,4997,12,25,13,101,10,299,57.494,150,0.018366071428571572,0.01900714285714297,0.039039999999999964,0.007104069687330341,3.8710647233323856,True,,0t7sgmp3f1vzv000fjpr6p0xr8
0t5z9n1x7dz3f000w74eyzrrxg,125,19,0,30,0,99,99,50,0,25,25,250905_TDMAT_Campaign0019_03_GP,30,10,4998,11,298,9983,4990,30,5,57.769,150,0.0,0.0,-0.0017199999999999705,1e-06,0.24967741858015038,True,,0t7sgmp3f1vzv000fjpr6p0xr8
0t5z9phrysr6d0000e50bjsgnc,100,1,0,4998,0,64,99,50,0,25,25,250905_TDMAT_Campaign0019_03_GP,30,10,100,4998,299,19,4990,4998,5,57.622,150,0.10764714285714294,0.10784285714285703,0.12036000000000001,0.017976123620184917,1.3734794749928174,True,,0t7sgmp3f1vzv000fjpr6p0xr8
0t5za0gxsxvcd000y06tav59ww,3996,1,0,6,0,62,25,50,0,25,299,250905_TDMAT_Campaign0019_03_GP,30,10,4997,16,25,19,105,6,5,60.521,150,0.023755357142857213,0.02254285714285739,0.037520000000000095,0.012385458886806524,3.5770801107370436,True,,0t7sgmp3f1vzv000fjpr6p0xr8
0t5za64fvssjz000q4tq50c8xw,3996,19,0,7,0,65,25,50,0,25,25,250905_TDMAT_Campaign0019_03_GP,30,10,110,4989,25,9972,102,7,299,60.795,150,0.003180000000000024,0.0033166666666666345,0.0001999999999998181,0.001914346421685769,0.4179754791463668,True,,0t7sgmp3f1vzv000fjpr6p0xr8
0t5zafrj6ny670007y9h3asx64,100,19,0,5,0,69,99,50,0,25,25,250905_TDMAT_Campaign0019_03_GP,30,10,100,11,25,12,2833,5,5,60.72,150,0.0011707142857144755,0.0045749999999991076,0.0075600000000000025,0.0009984362773878916,0.2492914221338099,True,,0t7sgmp3f1vzv000fjpr6p0xr8
0t5zajexhht1v000ckn6qkzg38,3995,1,0,4999,0,25,99,50,0,25,25,250905_TDMAT_Campaign0019_03_GP,30,10,4976,4982,299,34,105,4999,299,60.825,150,0.00037285714285711127,0.0033749999999992397,0.008040000000000021,0.00400710306830269,0.7220038508943392,True,,0t7sgmp3f1vzv000fjpr6p0xr8
0t5zaxy3nsrwh000ky5w5j9kdm,106,19,0,4995,0,60,99,50,0,25,299,250905_TDMAT_Campaign0019_03_GP,30,10,4992,37,299,9992,4996,4995,299,60.895,150,0.08817142857142837,0.08699285714285716,0.09607999999999976,0.00600862050791722,0.7524884529447146,True,,0t7sgmp3f1vzv000fjpr6p0xr8
0t5zbbsdy9x4d000gxcjvasvxc,103,1,0,4999,0,64,25,50,0,25,299,250905_TDMAT_Campaign0019_03_GP,30,10,100,14,25,12,2038,4999,299,63.135,150,0.035002142857142836,0.03773571428571389,0.046119999999999946,0.009018996391968402,0.7648194324003197,True,,0t7sgmp3f1vzv000fjpr6p0xr8
0t5zbjsgp5zwq000rzspbn19em,3998,19,0,5,0,25,25,50,0,25,25,250905_TDMAT_Campaign0019_03_GP,30,10,4998,10,25,9998,3281,5,299,64.067,150,0.042562857142857624,0.04285714285714245,0.048920000000000526,0.002927874481528725,0.43176965239400333,True,,0t7sgmp3f1vzv000fjpr6p0xr8
0t5zbxm939sgq000ymsp1f33kw,103,19,0,4990,0,99,99,50,0,25,299,250905_TDMAT_Campaign0019_03_GP,30,10,104,4994,25,9997,4991,4990,5,65.209,150,0.0,0.0,-0.00016000000000019555,1e-06,0.04142940687128637,True,,0t7sgmp3f1vzv000fjpr6p0xr8
0t5zbz5eydtnq000f8qh9rt5zr,3995,19,0,4998,0,56,99,50,0,25,25,250905_TDMAT_Campaign0019_03_GP,30,10,4996,4998,25,12,2566,4998,299,65.171,150,0.0349024999999999,0.035085714285714734,0.04055999999999983,0.004558172745243445,0.4573481763050383,True,,0t7sgmp3f1vzv000fjpr6p0xr8
0t5zcbn2nhs6x0005t4nwn8h1m,101,1,0,7,0,25,25,50,0,25,299,250905_TDMAT_Campaign0019_03_GP,30,10,104,12,299,9994,4988,7,299,66.087,150,0.03683678571428583,0.036921428571429056,0.045720000000000025,0.0063598268812295015,0.6640047226078605,True,,0t7sgmp3f1vzv000fjpr6p0xr8
0t5zckzn7xxeb000cnrt3xpjam,3988,19,0,4992,0,99,99,50,0,25,25,250905_TDMAT_Campaign0019_03_GP,30,10,4996,20,25,17,101,4992,5,67.059,150,0.0,0.0,-0.00024000000000000909,1e-06,0.05434245968504001,True,,0t7sgmp3f1vzv000fjpr6p0xr8
0t5zcnes0sr6f0005qgc5m3ha8,100,1,0,4999,0,56,99,50,0,25,299,250905_TDMAT_Campaign0019_03_GP,30,10,4983,4992,25,9990,100,4999,5,67.027,150,0.011323214285713996,0.012123076923075998,0.02076000000000022,0.004774798239178815,1.2271630410486396,True,,0t7sgmp3f1vzv000fjpr6p0xr8
0t5zd3ds39s8z000txa0tw1xgg,3999,19,0,4997,0,76,25,50,0,25,299,250905_TDMAT_Campaign0019_03_GP,30,10,104,4994,299,9996,4996,4997,299,67.286,150,0.09521964285714225,0.09619285714285704,0.10524000000000001,0.005533464980813076,0.526403018349225,True,,0t7sgmp3f1vzv000fjpr6p0xr8
0t5zdjvtc9wtz0008s02cb964c,132,1,0,12,0,99,25,50,0,25,299,250905_TDMAT_Campaign0019_03_GP,30,10,4999,11,25,9996,2518,12,5,69.772,150,0.0,0.0,-0.00036000000000001363,1e-06,0.06204621079826815,True,,0t7sgmp3f1vzv000fjpr6p0xr8
0t5zdmfn3nztv000zgz9s92xqg,102,1,0,9,0,99,25,50,0,25,299,250905_TDMAT_Campaign0019_03_GP,30,10,4997,4998,26,14,101,9,299,69.721,150,0.014379642857143386,0.020184615384616442,0.03656000000000006,0.011195043281865874,3.3624762579537197,True,,0t7sgmp3f1vzv000fjpr6p0xr8
0t5zdtj54hynz000j5ssyt60pw,3996,1,0,4992,0,62,99,50,0,25,25,250905_TDMAT_Campaign0019_03_GP,30,10,103,11,299,9999,101,4992,5,70.042,150,0.0043807142857144555,0.00469285714285661,0.005040000000000191,0.001414952945060742,0.2595073110323023,True,,0t7sgmp3f1vzv000fjpr6p0xr8
0t5ze65qx9twf0005jqj5cb5w4,100,19,0,4977,0,25,25,50,0,25,298,250905_TDMAT_Campaign0019_03_GP,30,10,121,4978,299,9968,103,4977,5,70.053,150,0.005359642857142432,0.006000000000000227,0.011639999999999873,0.0025678485457379784,0.508045866019336,True,,0t7sgmp3f1vzv000fjpr6p0xr8
0t5zejagcxrwq000ztf7q8mbk4,101,1,0,6,0,53,99,50,0,25,299,250905_TDMAT_Campaign0019_03_GP,30,10,4999,4996,25,14,4998,6,5,70.219,150,0.23998607142857167,0.23941428571428552,0.24180000000000007,0.01230811910562977,1.8433740203788123,True,,0t7sgmp3f1vzv000fjpr6p0xr8
0t5zetsqsxzf9000mx4mdpg8f4,3999,1,0,4999,0,63,99,50,0,25,299,250905_TDMAT_Campaign0019_03_GP,30,10,4997,13,299,13,2462,4999,5,75.781,150,0.11862857142857135,0.11814285714285688,0.12512,0.004693264822472258,0.7236526279317923,True,,0t7sgmp3f1vzv000fjpr6p0xr8
0t5zf5m449x0s000msqa5296v4,117,1,0,8,0,25,25,50,0,25,25,250905_TDMAT_Campaign0019_03_GP,30,10,100,4998,25,37,4990,8,299,78.724,150,0.06211678571428532,0.060721428571428405,0.06543999999999983,0.013348899289637674,1.1477959649542389,True,,0t7sgmp3f1vzv000fjpr6p0xr8
0t5zfc1cdxv6v000wv7nn0cc30,101,1,0,5,0,99,25,50,0,25,25,250905_TDMAT_Campaign0019_03_GP,30,10,100,4998,299,18,2044,5,138,80.183,150,0.017510714285714612,0.017807142857143226,0.024879999999999996,0.0020345109225264014,0.7902811491579829,True,,0t7sgmp3f1vzv000fjpr6p0xr8
0t5zfh343dxnv000z4g3kj647r,3996,19,0,4998,0,53,25,50,0,25,299,250905_TDMAT_Campaign0019_03_GP,30,10,100,4999,25,16,2142,4998,5,80.753,150,0.08884214285714274,0.08950000000000001,0.08836000000000013,0.008532459032591873,1.7974739738998817,True,,0t7sgmp3f1vzv000fjpr6p0xr8
0t5zfvpp49zwx0007c62fmk54g,100,19,0,8,0,60,25,50,0,25,25,250905_TDMAT_Campaign0019_03_GP,30,10,4999,4999,25,9997,101,8,5,82.896,150,0.0017742857142858932,0.0028375000000018247,0.00048000000000001817,0.001564398846201213,0.9137834630890431,True,,0t7sgmp3f1vzv000fjpr6p0xr8
0t5zg62ww5sc7000a05dfpjmq4,3999,19,0,4999,0,99,99,50,0,25,25,250905_TDMAT_Campaign0019_03_GP,30,10,103,4997,299,9995,2495,4999,5,82.818,150,0.0,0.0,-0.00016000000000019555,1e-06,0.0314198252773169,True,,0t7sgmp3f1vzv000fjpr6p0xr8
0t5zg7vw49rpf000rdqdz4j99m,3998,1,0,19,0,60,99,50,0,25,299,250905_TDMAT_Campaign0019_03_GP,30,10,4995,4998,299,9996,103,19,299,82.792,150,0.0024257142857141136,0.003989999999998872,0.018279999999999744,0.0014131171218270885,2.1447346145014685,True,,0t7sgmp3f1vzv000fjpr6p0xr8
0t5zgkqv5dypx000k7qfm4kv3r,3995,1,0,5,0,25,99,50,0,25,299,250905_TDMAT_Campaign0019_03_GP,30,10,4999,10,299,16,2449,5,201,83.006,150,0.0036414285714285607,0.005327272727273877,0.015880000000000224,0.0021900979260316435,2.1065965651518286,True,,0t7sgmp3f1vzv000fjpr6p0xr8
0t7sgn7z8dwas000cz168xwab8,3993,19,0,4998,0,25,25,50,0,25,25,250905_TDMAT_Campaign19_05_GP,30,10,4996,4999,25,10,4999,4998,131,0.50342,150,0.09517785714285713,0.09509285714285716,0.09261120000000002,0.004784418801203104,4.436368290072371,False,0t7sgn7y1dt75000bjcpdqbr24,0t7sgmp3f1vzv000fjpr6p0xr8
0t7sh20875xs5000f1cq0zqge8,3999,1,0,4999,0,57,99,50,0,25,25,250905_TDMAT_Campaign19_05_GP,30,10,100,11,25,15,4999,4999,177,2.8111,150,0.06130071428571428,0.06480000000000004,0.06258799999999999,0.03183817254129429,2.2117628510548424,False,0t7sh207phtfn0007rg55t6x7c,0t7sgmp3f1vzv000fjpr6p0xr8
0t7shaj60dtgk000pywzq2cm9m,3987,19,0,38,0,99,25,50,0,25,298,250905_TDMAT_Campaign19_05_GP,30,10,112,4999,25,24,2548,38,299,4.4135,150,0.035016428571428594,0.03465000000000001,0.03911200000000001,0.003490139170372898,3.117326662303936,False,0t7shaj52dta90004jfkbsjrgm,0t7sgmp3f1vzv000fjpr6p0xr8
0t7shghec5vdh000y7gphwxk4r,111,1,0,4999,0,25,99,50,0,25,299,250905_TDMAT_Campaign19_05_GP,30,10,106,4966,299,10,3140,4999,142,5.3299,150,0.0012817857142856958,0.0030999999999998806,0.0058319999999999796,0.001015592719267257,3.09961308929675,False,0t7shghd31vbk0004az0fxf04m,0t7sgmp3f1vzv000fjpr6p0xr8
0t7shs72sdse9000xkpt66t8f8,3997,19,0,5,0,99,99,50,0,25,299,250905_TDMAT_Campaign19_05_GP,30,10,101,10,25,22,100,5,157,5.7272,150,0.0027599999999999877,0.0036909090909092094,0.0007600000000000051,0.0010448614918686424,2.764189989116658,False,0t7shs727hyfz0002ne0zx32sm,0t7sgmp3f1vzv000fjpr6p0xr8
0t7shwd3ysxnd000p0e647cgbw,3997,1,0,4978,0,99,25,50,0,25,25,250905_TDMAT_Campaign19_05_GP,30,10,4996,4999,299,49,4994,4978,299,5.6939,150,-0.0011157142857142579,0.027249999999999996,0.005424000000000007,0.011728704105740154,3.000985586601897,False,0t7shwd389ryn000tx4qzz6cec,0t7sgmp3f1vzv000fjpr6p0xr8
0t7sj9663syq9000vnbj10aet4,3997,19,0,13,0,25,25,50,0,25,299,250905_TDMAT_Campaign19_05_GP,30,10,100,11,25,9997,2369,13,166,6.0421,150,0.07921714285714285,0.07944285714285718,0.07633200000000002,0.003083299319540425,7.94555958771096,False,0t7sj965k1zx5000f50gjt0r6m,0t7sgmp3f1vzv000fjpr6p0xr8
0t7sjh3vb9zak000p5vwxyv26m,106,19,0,4991,0,64,25,50,0,25,25,250905_TDMAT_Campaign19_05_GP,30,10,4993,4992,299,17,100,4991,299,8.0201,150,0.0060192857142857435,0.02065000000000028,0.004744000000000029,0.01263536703068083,0.9140585901153134,False,0t7sjh3tsnzq1000s93yqwx8b0,0t7sgmp3f1vzv000fjpr6p0xr8
0t7sjtc92drvd000e562sd4ntw,104,1,0,5,0,70,25,50,0,25,299,250905_TDMAT_Campaign19_05_GP,30,10,103,17,299,13,102,5,5,8.0894,150,0.004022500000000002,0.009866666666666765,0.003796000000000035,0.0028176033945337834,0.39909041198080486,False,0t7sjtc8hnw4v000fhgb5qbad0,0t7sgmp3f1vzv000fjpr6p0xr8
0t7sjvyak9ye3000wsnsawd6er,3998,1,0,4994,0,99,25,50,0,25,25,250905_TDMAT_Campaign19_05_GP,30,10,104,12,25,9989,2471,4994,299,8.1459,150,0.032049285714285766,0.03353571428571429,0.036612000000000006,0.007716828284697727,4.909907013138137,False,0t7sjvya29wwk0003xjx72dam0,0t7sgmp3f1vzv000fjpr6p0xr8
0t7sk7tc05te9000q425ngsxg4,3995,1,0,4987,0,65,99,50,0,25,299,250905_TDMAT_Campaign19_05_GP,30,10,105,4995,25,18,100,4987,191,8.9063,150,-0.0002925000000000225,0.0016599999999996839,0.0016519999999999868,0.0004498888751680578,0.9596591306433881,False,0t7sk7tatnxwk000dhmfqvstrm,0t7sgmp3f1vzv000fjpr6p0xr8
0t7skgt8cxy0n000cjj733kr64,110,19,0,11,0,67,25,50,0,25,299,250905_TDMAT_Campaign19_05_GP,30,10,4997,4999,26,26,4996,11,299,8.9269,150,0.07784678571428572,0.08184615384615385,0.071404,0.025137793042613505,8.14816556105539,False,0t7skgt7t5zpv000j0p9mqe0xm,0t7sgmp3f1vzv000fjpr6p0xr8
0t7skraj31z070009sdfd5kqnc,3992,19,0,4992,0,99,25,50,0,25,299,250905_TDMAT_Campaign19_05_GP,30,10,4999,11,299,9994,2216,4992,5,10.55,150,0.0,0.0,-0.0009200000000000586,1e-06,0.9962182757396967,False,0t7skrahjdrj90006j33187y2w,0t7sgmp3f1vzv000fjpr6p0xr8
0t7sks5b29yyf000b6gwwyg08w,101,19,0,4997,0,65,99,50,0,25,25,250905_TDMAT_Campaign19_05_GP,30,10,114,13,299,9984,101,4997,299,10.491,150,0.009142857142857189,0.00917857142857148,0.013999999999999986,0.0010811228101429648,2.3657985942174835,False,0t7sks5ah9s0k000hgcwtvy98r,0t7sgmp3f1vzv000fjpr6p0xr8
0t7sm2j3b9z4h000f1na2srkkw,101,19,0,5,0,66,25,50,0,25,299,250905_TDMAT_Campaign19_05_GP,30,10,100,4996,299,9995,4998,5,5,10.761,150,0.0,0.0,-0.0004399999999999693,1e-06,0.4131908405272359,False,0t7sm2j2khwxf00062sk3zd1qg,0t7sgmp3f1vzv000fjpr6p0xr8
0t7sm3cj2dts9000yxvrxwvpd8,102,1,0,10,0,46,99,50,0,25,25,250905_TDMAT_Campaign19_05_GP,30,10,4997,15,25,9996,100,10,299,10.729,150,0.0001500000000000247,0.0018333333333332054,-0.0017999999999999971,0.0002054804667650576,1.3019444748586002,False,0t7sm3chf5vbf000xth5b6s238,0t7sgmp3f1vzv000fjpr6p0xr8
0t7smas5xxx430002h7rwknzqc,100,1,0,4992,0,61,25,50,0,25,25,250905_TDMAT_Campaign19_05_GP,30,10,101,4998,25,9999,2469,4992,5,10.745,150,0.0620067857142858,0.062300000000000084,0.06568000000000004,0.008637790722831027,10.3874997165868,False,0t7smas5ddstn000rm9g1mn5cc,0t7sgmp3f1vzv000fjpr6p0xr8
0t7smq2m7hy6x000stpyj1sax0,3994,19,0,15,0,99,99,50,0,25,25,250905_TDMAT_Campaign19_05_GP,30,10,101,4990,25,9981,4996,15,184,12.619,150,0.08675321428571427,0.08635714285714283,0.0886,0.0034590903605502,10.728300754370517,False,0t7smq2kpxwfh000nstq02zfk0,0t7sgmp3f1vzv000fjpr6p0xr8
0t7sn217pdrxd000qa155e4m30,3993,1,0,4994,0,25,25,50,0,25,25,250905_TDMAT_Campaign19_05_GP,30,10,102,12,299,9998,4999,4994,158,14.809,150,0.01359249999999999,0.025049999999999885,0.02872,0.0194803105724727,2.951069996479414,False,0t7sn2173xsyn00018t2sg99s8,0t7sgmp3f1vzv000fjpr6p0xr8
0t7snewm7svvh000xswkzjy6a0,3999,19,0,5,0,25,99,50,0,25,25,250905_TDMAT_Campaign19_05_GP,30,10,4999,4999,25,9997,100,5,159,15.433,150,-0.0011671428571428078,0.01051666666666673,-0.006280000000000001,0.0056152817283628195,3.025044363748937,False,0t7snewkmsspx0008smnz9dbs8,0t7sgmp3f1vzv000fjpr6p0xr8
0t7snsw3ksw070008v0bs3gyq0,112,19,0,17,0,99,99,50,0,25,25,250905_TDMAT_Campaign19_05_GP,30,10,4997,4996,299,9995,100,17,168,15.25,150,0.0005525000000000446,0.001574999999999882,0.006199999999999975,0.0002586020108203144,0.9224962978082486,False,0t7snsw2znsnv0000338pq1n2m,0t7sgmp3f1vzv000fjpr6p0xr8
0t7sp3ap85ysz0002mec4e4wzc,109,19,0,14,0,25,25,50,0,25,299,250905_TDMAT_Campaign19_05_GP,30,10,4999,15,299,11,106,14,5,15.344,150,0.0021085714285714436,0.003962500000000535,0.007319999999999993,0.0015082585156400848,1.7861683883384283,False,0t7sp3anq1xhz000qmtb72jgn0,0t7sgmp3f1vzv000fjpr6p0xr8
0t7sp6xr0dr0x0000mbfs1n1hm,100,19,0,6,0,45,99,50,0,25,299,250905_TDMAT_Campaign19_05_GP,30,10,100,10,25,15,4999,6,154,15.421,150,0.04336642857142845,0.05370909090909073,0.03588000000000008,0.02101265655592323,4.892589751870054,False,0t7sp6xqa1wgh000n48fxhmyw8,0t7sgmp3f1vzv000fjpr6p0xr8
0t7sp9hbrnzzz0002z35zeagfc,101,19,0,4999,0,99,25,50,0,25,299,250905_TDMAT_Campaign19_05_GP,30,10,103,10,25,9999,2678,4999,162,16.441,150,0.0622907142857143,0.06233571428571442,0.06939999999999998,0.0076864079612620415,8.263035359322867,False,0t7sp9hb7xzfh0001210bbdn68,0t7sgmp3f1vzv000fjpr6p0xr8
0t7spm3a39xah00066ssjq8wv4,3997,19,0,4998,0,25,99,50,0,25,25,250905_TDMAT_Campaign19_05_GP,30,10,100,11,299,12,100,4998,158,18.156,150,0.008220357142857194,0.008292857142857102,0.012680000000000007,0.0009844971781967015,0.8939822105390245,False,0t7spm395htqz00048644vhm0m,0t7sgmp3f1vzv000fjpr6p0xr8
0t7spva9jnx4b000tcfrbrbzmm,104,19,0,11,0,25,99,50,0,25,299,250905_TDMAT_Campaign19_05_GP,30,10,4994,4999,299,9998,4998,11,155,18.413,150,0.06970142857142865,0.06971428571428591,0.07524000000000002,0.0019953006013627233,5.144015398287115,False,0t7spva935s1q00077gag5ak38,0t7sgmp3f1vzv000fjpr6p0xr8
0t7sq6svs9vsd000sga0cndeqc,3999,1,0,4999,0,99,99,50,0,25,299,250905_TDMAT_Campaign19_05_GP,30,10,4999,4999,25,11,2087,4999,137,20.25,150,0.022287500000000026,0.028683333333333394,0.029879999999999997,0.007465457491376292,1.1893362142030262,False,0t7sq6sv7hwjz000dzps22v5gm,0t7sgmp3f1vzv000fjpr6p0xr8
0t7sqjn48sv8f000dkxadycvt4,3995,19,0,4998,0,99,25,50,0,25,299,250905_TDMAT_Campaign19_05_GP,30,10,4999,13,299,32,4999,4998,163,20.893,150,0.06911428571428561,0.0696285714285713,0.07147999999999996,0.003340964054929165,5.025817536882931,False,0t7sqjn3rhzzf000hha5xeh3br,0t7sgmp3f1vzv000fjpr6p0xr8
0t7sqxp8m1ywq000ss258fznxw,100,19,0,6,0,62,25,50,0,25,25,250905_TDMAT_Campaign19_05_GP,30,10,100,11,25,11,100,6,155,22.653,150,-0.0007589285714285283,0.0018999999999991246,0.0004000000000000625,1e-06,0.2880570233985904,False,0t7sqxp829sks000z60fwjtgyg,0t7sgmp3f1vzv000fjpr6p0xr8
0t7sqzgjydvy9000w7x07yksq4,102,1,0,12,0,25,25,50,0,25,25,250905_TDMAT_Campaign19_05_GP,30,10,100,4996,25,15,100,12,147,22.616,150,0.001959642857142718,0.002441666666666601,0.003440000000000083,0.0010331653089195592,0.5019112182964774,False,0t7sqzgjf9rhh0004ynefk8d6c,0t7sgmp3f1vzv000fjpr6p0xr8
0t7sr3ah09rdb000bfyhqgjq1g,100,19,0,4999,0,59,25,50,0,25,25,250905_TDMAT_Campaign19_05_GP,30,10,100,4995,299,11,4999,4999,160,22.664,150,0.08307285714285716,0.08319285714285714,0.07763999999999996,0.010777122879090568,6.306756819661413,False,0t7sr3agb9r7q0008dmxpyxb44,0t7sgmp3f1vzv000fjpr6p0xr8
0t7srcv0hdrvn000gggtg946nm,3999,19,0,4999,0,71,25,50,0,25,25,250905_TDMAT_Campaign19_05_GP,30,10,101,11,299,10,2319,4999,177,24.61,150,0.003943214285714307,0.004207692307692339,0.01716000000000008,0.0018231256079190043,0.266846823370692,False,0t7srcv01nzc30007p1fvp3xpg,0t7sgmp3f1vzv000fjpr6p0xr8
0t7srn0w3sr71000k14dmzrwt4,102,1,0,4995,0,99,99,50,0,25,25,250905_TDMAT_Campaign19_05_GP,30,10,101,13,299,9996,100,4995,146,24.907,150,0.00284714285714287,0.0032166666666668675,0.007399999999999949,0.0015523280008496864,0.23880525592305654,False,0t7srn0ve9vdh0002b2t04jgz0,0t7sgmp3f1vzv000fjpr6p0xr8
0t7srypk0dwrv000r4b2885j0g,3995,1,0,4997,0,66,99,50,0,25,299,250905_TDMAT_Campaign19_05_GP,30,10,4999,4993,25,9992,4998,4997,153,24.978,150,0.05057428571428569,0.050657142857142796,0.07099999999999994,0.00590831306426057,3.6802266209791843,False,0t7srypje9r6f00096fh29bc2r,0t7sgmp3f1vzv000fjpr6p0xr8
0t7ssfqgqdtr3000ckxrngj2pr,111,1,0,4993,0,25,99,50,0,25,299,250905_TDMAT_Campaign19_05_GP,30,10,4979,10,25,74,102,4993,148,26.565,150,0.01495357142857147,0.025200000000000052,0.04071999999999989,0.008056617833129312,1.380355373991473,False,0t7ssfqg8ht1f000mqhede54wg,0t7sgmp3f1vzv000fjpr6p0xr8
0t7ssqaesny53000v2mc1jx490,100,19,0,4999,0,56,99,50,0,25,299,250905_TDMAT_Campaign19_05_GP,30,10,4999,4998,25,12,2341,4999,138,27.269,150,0.10009428571428565,0.09963571428571427,0.1200800000000001,0.015107879076960654,2.6109274205900026,False,0t7ssqaeadsj5000masj8b62zg,0t7sgmp3f1vzv000fjpr6p0xr8
0t7st1vc0xwzv000h6y165nzv8,105,1,0,4998,0,25,25,50,0,25,299,250905_TDMAT_Campaign19_05_GP,30,10,4998,13,25,9974,4998,4998,188,29.97,150,0.03394428571428575,0.03325714285714275,0.04156000000000006,0.007307991153106472,2.2187267475220853,False,0t7st1vbe5r8d000vfxhqzk0tc,0t7sgmp3f1vzv000fjpr6p0xr8
0t7stf9qp5smz0005tft7mt40m,3988,1,0,31,0,61,99,50,0,25,27,250905_TDMAT_Campaign19_05_GP,30,10,4965,4951,294,13,107,31,117,30.983,150,-0.0017278571428570619,0.004399999999996851,0.005480000000000018,1e-06,0.11338378379800026,False,0t7stf9q2nxmk000gtf26xh1dc,0t7sgmp3f1vzv000fjpr6p0xr8
0t7stpjvvnvw3000xkx02x3tfm,3986,1,0,20,0,25,99,50,0,25,25,250905_TDMAT_Campaign19_05_GP,30,10,101,4980,26,9886,4995,20,134,31.046,150,0.07726464285714306,0.07705000000000035,0.07420000000000015,0.0016885116015515867,2.756359703099614,False,0t7stpjv91wd70007wt9ge1njw,0t7sgmp3f1vzv000fjpr6p0xr8
0t7sv1s45srgs000nwjq80jqhw,3996,19,0,6,0,25,25,50,0,25,25,250905_TDMAT_Campaign19_05_GP,30,10,100,4994,299,15,2417,6,299,32.902,150,0.06443321428571423,0.06583571428571387,0.06584000000000004,0.006088233046840341,2.7199769712333866,False,0t7sv1s3k5vav0009w8sh330c8,0t7sgmp3f1vzv000fjpr6p0xr8
0t7sv81g9nxa5000gx95526zq4,112,1,0,27,0,25,25,50,0,25,25,250905_TDMAT_Campaign19_05_GP,30,10,4997,4995,25,19,3141,27,5,34.562,150,0.1552003571428571,0.15509285714285678,0.1480000000000001,0.0041103465765777005,4.905191045904029,False,0t7sv81fs5wvv000pz7rkaqre4,0t7sgmp3f1vzv000fjpr6p0xr8
0t7svf22p9w2x0001zew1zej3m,3999,19,0,4995,0,65,25,50,0,25,299,250905_TDMAT_Campaign19_05_GP,30,10,4998,12,299,9995,1830,4995,299,38.471,150,0.03655678571428579,0.03553571428571445,0.04568000000000012,0.0051951360690092015,0.7754882327865493,False,0t7svf21xsvdk000q32pcyv80g,0t7sgmp3f1vzv000fjpr6p0xr8
0t7svwsv2sx3f000mnqkdpt92r,105,19,0,4995,0,99,25,50,0,25,299,250905_TDMAT_Campaign19_05_GP,30,10,4965,12,299,36,101,4995,160,39.519,150,0.0015071428571429733,0.004099999999999326,0.006239999999999952,0.0022825424421023654,0.6580381452097493,False,0t7svwstf9y8v000djabdtwhkr,0t7sgmp3f1vzv000fjpr6p0xr8
0t7sw4hbrssqz0008ah0vg6m48,3999,19,0,4991,0,25,25,50,0,25,299,250905_TDMAT_Campaign19_05_GP,30,10,4999,4994,299,17,103,4991,165,39.584,150,0.002548928571428531,0.01001111111111028,0.00667999999999978,0.004449830070275961,0.5137252674460122,False,0t7sw4hb8dv13000yktmpgz08r,0t7sgmp3f1vzv000fjpr6p0xr8
0t7swfn5b9vvx000tsvy0swsd0,3998,1,0,4997,0,99,25,50,0,25,299,250905_TDMAT_Campaign19_05_GP,30,10,102,4995,25,19,4998,4997,143,39.741,150,0.0838207142857143,0.08313571428571416,0.07415999999999996,0.00574327024100682,1.9979525420366566,False,0t7swfn4nhxn70003h92k528q0,0t7sgmp3f1vzv000fjpr6p0xr8
0t7swtw9h9tcb0002gwa23g0jm,3998,1,0,13,0,99,25,50,0,25,298,250905_TDMAT_Campaign19_05_GP,30,10,105,4977,299,9999,101,13,123,41.555,150,0.0007207142857143823,0.003783333333334582,0.004480000000000075,0.0023104232416494824,0.4276956580077074,False,0t7swtw8aswfs000dmz10k5kkc,0t7sgmp3f1vzv000fjpr6p0xr8
0t7sx46cysrr3000k13dw73ygg,114,1,0,4990,0,99,99,50,0,25,25,250905_TDMAT_Campaign19_05_GP,30,10,4996,26,299,9994,4998,4990,166,41.686,150,0.022470000000000157,0.030591666666666722,0.025279999999999917,0.015436615471735296,0.29373844512706615,False,0t7sx46cdhrhd000tdp38sdzv8,0t7sgmp3f1vzv000fjpr6p0xr8
0t7sxhjtssvx7000rhjkw13zhr,100,19,0,4997,0,25,99,50,0,25,25,250905_TDMAT_Campaign19_05_GP,30,10,100,12,25,9996,3153,4997,187,42.369,150,0.03253428571428584,0.030521428571428748,0.037520000000000095,0.012387388665863898,0.8974975811265863,False,0t7sxhjt6xvf10008x4ax030tr,0t7sgmp3f1vzv000fjpr6p0xr8
0t7sxwmbg1z8k0008ppvxhm7hr,100,19,0,9,0,55,25,50,0,25,25,250905_TDMAT_Campaign19_05_GP,30,10,4999,20,299,41,4999,9,178,43.187,150,0.08064999999999986,0.0817142857142856,0.08664000000000016,0.024283529313475636,0.9294804556779661,False,0t7sxwmaz1xv700064tb8h8cxg,0t7sgmp3f1vzv000fjpr6p0xr8
0t7sy2e2gdzgz000b7c2nhs798,3999,1,0,5,0,99,99,50,0,25,25,250905_TDMAT_Campaign19_05_GP,30,10,101,11,25,9999,2954,5,94,45.43,150,0.014812142857142873,0.018108333333332876,0.017520000000000095,0.0095145028187963,0.39602318387697477,False,0t7sy2e1s5wxb000twj2ghn5bc,0t7sgmp3f1vzv000fjpr6p0xr8
0t7syaxeanwwf000kpcv11c9d4,3999,19,0,6,0,66,99,50,0,25,25,250905_TDMAT_Campaign19_05_GP,30,10,4998,16,25,9996,2775,6,5,45.775,150,0.0,0.0,0.0,1e-06,0.03193736839564259,False,0t7syaxdthtg300096669bj134,0t7sgmp3f1vzv000fjpr6p0xr8
0t7syc93jdyn3000e1ej9bfyd4,102,1,0,18,0,99,25,50,0,25,25,250905_TDMAT_Campaign19_05_GP,30,10,4994,32,299,9964,2777,18,299,45.769,150,0.004497857142857292,0.010137500000000799,0.007079999999999984,0.005404613191524395,0.44374673168107204,False,0t7syc92jhwjk0006q65966hgw,0t7sgmp3f1vzv000fjpr6p0xr8
0t7syn5w05y9f0002zrw7bjx6r,3991,19,0,4997,0,99,99,50,0,25,25,250905_TDMAT_Campaign19_05_GP,30,10,103,18,25,16,4992,4997,67,46.059,150,-0.0008624999999999564,0.004083333333332699,0.010040000000000191,0.0017023676323147717,0.33662506357763494,False,0t7syn5tzdw8n000z7k072mf5g,0t7sgmp3f1vzv000fjpr6p0xr8
0t7syyk6sxvzf000jfneb4h2jw,3998,1,0,6,0,25,25,50,0,25,299,250905_TDMAT_Campaign19_05_GP,30,10,4984,19,298,12,4997,6,102,46.298,150,0.005770714285714362,0.006061538461537999,0.009799999999999897,0.0026075448108949114,0.5164918225495362,False,0t7syyk65hraq000a2ph4f35fc,0t7sgmp3f1vzv000fjpr6p0xr8
0t7sz5xmj1vsk000j2fwhngxf4,3994,1,0,11,0,25,25,50,0,25,25,250905_TDMAT_Campaign19_05_GP,30,10,104,17,299,9996,103,11,207,46.853,150,0.0019242857142857971,0.0021250000000000804,0.004240000000000066,0.0008073877630958663,0.3512733676577593,False,0t7sz5xm25y77000p773zbh6q4,0t7sgmp3f1vzv000fjpr6p0xr8
0t7szdawfsrh3000e2xghmr9tc,3991,19,0,5,0,68,25,50,0,25,299,250905_TDMAT_Campaign19_05_GP,30,10,104,21,299,9996,4999,5,152,46.933,150,0.010236785714285825,0.010114285714285996,0.025,0.003763330049467869,0.6917085587049548,False,0t7szdaw0xvr5000vppp9z892m,0t7sgmp3f1vzv000fjpr6p0xr8
0t7szpkzsssax000sedvtfgr9c,3954,19,0,4985,0,99,25,50,0,25,25,250905_TDMAT_Campaign19_05_GP,30,10,110,4992,25,9983,100,4985,172,47.527,150,0.0055035714285713916,0.007909999999998973,0.006159999999999855,0.0029446391969159247,0.16754372081873553,False,0t7szpkz7nvcv000f1w68rgwh8,0t7sgmp3f1vzv000fjpr6p0xr8
0t7t03xnnhrxs000rdd9xhbkjr,104,19,0,9,0,25,99,50,0,25,298,250905_TDMAT_Campaign19_05_GP,30,10,4979,12,299,9983,106,9,193,47.597,150,0.002411785714285638,0.006588888888889717,0.009279999999999972,0.002348732255893682,0.4819262032164085,False,0t7t03xn41yd3000fhg269xdx4,0t7sgmp3f1vzv000fjpr6p0xr8
0t7t0bth3hsms000rpm4y3xftm,3999,19,0,4997,0,25,99,50,0,25,25,250905_TDMAT_Campaign19_05_GP,30,10,4982,4987,299,9978,2202,4997,5,47.764,150,0.09656142857142846,0.09757857142857114,0.10071999999999974,0.02415719882565104,0.504133588676423,False,0t7t0btgkxwrd00071c154pad4,0t7sgmp3f1vzv000fjpr6p0xr8
0t7t0w05b9rff000eaqbq1fsrw,3998,1,0,5,0,99,25,50,0,25,25,250905_TDMAT_Campaign19_05_GP,30,10,4993,11,26,46,119,5,107,50.184,150,0.0018517857142855726,0.00346249999999948,-0.00012000000000000454,0.0022764761694327182,0.11698602652603528,False,0t7t0w04s5yyz000wq71z8n5fc,0t7sgmp3f1vzv000fjpr6p0xr8
0t7t11mp5szhk0001texf9ydxw,102,1,0,4995,0,25,99,50,0,25,299,250905_TDMAT_Campaign19_05_GP,30,10,4997,4994,25,9989,2842,4995,299,50.243,150,0.03243750000000014,0.03445833333333326,0.04039999999999992,0.01921112777937694,1.0815827972840368,False,0t7t11mnkxs9z000ved2st85zc,0t7sgmp3f1vzv000fjpr6p0xr8
0t7t1gdkqhr330008zfetjrvmg,3999,1,0,5,0,55,25,50,0,25,299,250905_TDMAT_Campaign19_05_GP,30,10,100,4999,25,12,3351,5,121,51.128,150,0.04168035714285723,0.041850000000000165,0.054519999999999985,0.00392532983145493,0.2937810179996786,False,0t7t1gdjw1z1v000x2aq2r1d5m,0t7sgmp3f1vzv000fjpr6p0xr8
0t7t1qdbn1r5h0009dwvy4g5p0,3994,19,0,4997,0,25,99,50,0,25,25,250905_TDMAT_Campaign19_05_GP,30,10,4993,26,299,9977,4997,4997,209,52.523,150,0.0990500000000001,0.09906428571428602,0.10439999999999998,0.005734557791252965,0.4125163712351757,False,0t7t1qdawxz37000kh5gqff7v0,0t7sgmp3f1vzv000fjpr6p0xr8
0t7t26nd0nypb000kckj5xwn3g,102,1,0,4990,0,25,99,50,0,25,299,250905_TDMAT_Campaign19_05_GP,30,10,100,11,299,9999,2347,4990,5,55.064,150,0.00312535714285718,0.004970000000000141,0.012959999999999923,0.0020731859540340774,0.4432219798591242,False,0t7t26nc9hv5v000mj9zxmpy5c,0t7sgmp3f1vzv000fjpr6p0xr8
0t7t2hffgxwgd000530rttb1tc,188,19,0,4881,0,99,99,50,0,25,299,250905_TDMAT_Campaign19_05_GP,30,10,153,4851,294,157,2823,4881,170,55.275,150,0.12172642857142835,0.12159285714285671,0.10644000000000005,0.003217022644288579,0.72663874894195,False,0t7t2hfezdw8100063tffdkcv8,0t7sgmp3f1vzv000fjpr6p0xr8
0t7t2th6jxxzq000qwgwybrae4,3997,1,0,9,0,99,25,50,0,25,299,250905_TDMAT_Campaign19_05_GP,30,10,4996,4990,299,9985,4999,9,87,58.023,150,0.03595428571428592,0.03635714285714288,0.03939999999999998,0.007535223409875021,0.4432277311393466,False,0t7t2th611xsb000s44fde5954,0t7sgmp3f1vzv000fjpr6p0xr8
0t7t37yq51r29000cdkjx4b7k4,104,1,0,4998,0,99,99,50,0,25,25,250905_TDMAT_Campaign19_05_GP,30,10,4999,13,299,17,3128,4998,5,59.229,150,0.0,0.0,-0.00048000000000001817,1e-06,0.05022298870480523,False,0t7t37ypksyt30003wzz46xa20,0t7sgmp3f1vzv000fjpr6p0xr8
0t7t39j72nypq000qrxhev5tsc,102,19,0,13,0,70,99,50,0,25,28,250905_TDMAT_Campaign19_05_GP,30,10,108,4976,28,9814,4998,13,298,59.187,150,0.08948678571428571,0.09057142857142811,0.08832000000000022,0.006709633646739437,0.46782198185891766,False,0t7t39j6est17000ecqh9d74yg,0t7sgmp3f1vzv000fjpr6p0xr8
0t7t3kct61wf50004mnfmprtfm,100,19,0,6,0,25,25,50,0,25,25,250905_TDMAT_Campaign19_05_GP,30,10,4999,13,25,12,2201,6,161,61.32,150,0.050019642857142846,0.0499285714285718,0.04783999999999992,0.002264454703023078,0.18877112076324992,False,0t7t3kcs7hvcd000p1tme5h22m,0t7sgmp3f1vzv000fjpr6p0xr8
0t7t3ra4s5vmv000tm40r2mb6c,3998,1,0,4996,0,25,25,50,0,25,25,250905_TDMAT_Campaign19_05_GP,30,10,4999,4995,25,9989,1718,4996,189,62.481,150,0.009091071428571518,0.02034999999999935,0.0075199999999998116,0.007657186167254687,0.2213911641332431,False,0t7t3ra49sz21000002ae5s1a8,0t7sgmp3f1vzv000fjpr6p0xr8
0t7t48d6fnrh10002bzypm72er,101,19,0,5,0,99,99,50,0,25,299,250905_TDMAT_Campaign19_05_GP,30,10,4999,10,25,9994,2823,5,161,62.724,150,0.0,0.0,0.0014800000000002457,1e-06,0.1658257728073392,False,0t7t48d5yhwj5000xmfb668b3m,0t7sgmp3f1vzv000fjpr6p0xr8
0t7t49x7edsmf000cg6nnx8ydw,3981,19,0,7,0,54,99,50,0,25,299,250905_TDMAT_Campaign19_05_GP,30,10,116,15,25,9918,103,7,6,62.739,150,0.008392142857142711,0.011633333333333459,0.009639999999999987,0.004745055906472651,0.1634815871106502,False,0t7t49x6qnw6f000rbdrhjb90r,0t7sgmp3f1vzv000fjpr6p0xr8
0t7t4hjn0ntcn000d0sax256yc,3999,19,0,5,0,25,99,50,0,25,299,250905_TDMAT_Campaign19_05_GP,30,10,103,4978,299,9957,107,5,299,62.942,150,0.002996428571428744,0.006772727272727314,0.009840000000000088,0.005452954313380027,0.6144153660478963,False,0t7t4hjmgsym5000nz95gbgn2g,0t7sgmp3f1vzv000fjpr6p0xr8
0t7t4v5nsxtnb000arkd8j57x0,106,1,0,4993,0,25,99,50,0,25,25,250905_TDMAT_Campaign19_05_GP,30,10,110,11,299,16,3025,4993,299,63.065,150,0.01073464285714272,0.012153846153845703,0.01612000000000023,0.0033281122819017123,0.5435858977382653,False,0t7t4v5na9ve3000bv3mc5rss4,0t7sgmp3f1vzv000fjpr6p0xr8
0t7t52hdmnz61000q3d9w0yn0r,3994,19,0,4996,0,57,99,50,0,25,299,250905_TDMAT_Campaign19_05_GP,30,10,101,10,299,13,4998,4996,5,63.548,150,0.0,0.0,-0.00024000000000000909,1e-06,0.05322735817812196,False,0t7t52hcyxy81000b17zrzanz4,0t7sgmp3f1vzv000fjpr6p0xr8
0t7t53yjcnwcq0008e84dxhfs0,101,1,0,6,0,72,25,50,0,25,25,250905_TDMAT_Campaign19_05_GP,30,10,104,4996,299,9994,2290,6,299,63.522,150,0.008013928571428686,0.008938461538461477,0.014399999999999977,0.0027583547107041667,0.5487872427693936,False,0t7t53yhtdxzx000990j3fshar,0t7sgmp3f1vzv000fjpr6p0xr8
0t7t5ewfwsyn10005rjcs62d98,113,19,0,15,0,99,99,50,0,25,27,250905_TDMAT_Campaign19_05_GP,30,10,4946,10,298,65,4997,15,299,63.885,150,0.08081071428571457,0.07970714285714361,0.08152000000000015,0.030077886140716624,0.5639917840096128,False,0t7t5ewf9dwxn00096bkp73sbg,0t7sgmp3f1vzv000fjpr6p0xr8
0t7t5mvz75v95000958xp605dc,3986,19,0,4992,0,99,99,50,0,25,298,250905_TDMAT_Campaign19_05_GP,30,10,4977,12,26,9924,102,4992,299,66.008,150,0.008586428571428481,0.023611111111110163,0.016280000000000426,0.012915403761436798,0.9028542972078825,False,0t7t5mvyq5t57000544trn4954,0t7sgmp3f1vzv000fjpr6p0xr8
0t7t627b2svc300018mv2faqbr,111,19,0,19,0,25,99,50,0,25,26,250905_TDMAT_Campaign19_05_GP,30,10,119,4830,26,9912,103,19,13,66.151,150,0.004446071428571686,0.006718181818182633,0.0030799999999999274,0.0057340796490367735,0.21078539301046784,False,0t7t627ah1xj5000ws691wafj8,0t7sgmp3f1vzv000fjpr6p0xr8
0t7t6aasw5yhz000g63p6tbj54,111,1,0,4997,0,25,25,50,0,25,299,250905_TDMAT_Campaign19_05_GP,30,10,102,16,27,27,104,4997,6,66.174,150,0.0070564285714285946,0.012441666666665204,0.009039999999999963,0.005351862344601864,0.11327004383823748,False,0t7t6aas8xy8k0002k30dmys4w,0t7sgmp3f1vzv000fjpr6p0xr8
0t7t6ge2cntv1000gz621ya95r,3930,1,0,4440,0,30,25,50,0,25,297,250905_TDMAT_Campaign19_05_GP,30,10,4671,188,25,146,4914,4440,296,66.444,150,-0.0039050000000001106,0.035312500000001634,0.025600000000000022,0.0325577731693973,1.4432710717283492,False,0t7t6ge1tsvdf0002d1hy40y94,0t7sgmp3f1vzv000fjpr6p0xr8
0t7t6vcp89wy5000t5wwvc3md0,105,1,0,4945,0,25,99,50,0,25,28,250905_TDMAT_Campaign19_05_GP,30,10,4946,19,294,9712,133,4945,5,67.251,150,0.0031771428571432175,0.007544444444443836,0.0059600000000000364,0.005943644806031653,0.3902187469469672,False,0t7t6vcnp9ysv000tkc7rrndgw,0t7sgmp3f1vzv000fjpr6p0xr8
0t7t77arvhzvk000jzhkfwchnw,3998,19,0,4994,0,25,25,50,0,25,299,250905_TDMAT_Campaign19_05_GP,30,10,107,4996,299,17,4998,4994,193,67.284,150,0.09344571428571423,0.09392857142857126,0.09227999999999952,0.011880261455242276,0.49674440386586644,False,0t7t77ar7stdn000epz6y3shzr,0t7sgmp3f1vzv000fjpr6p0xr8
0t7t7jtw31tgz000nt71efx9dr,104,1,0,6,0,99,25,50,0,25,25,250905_TDMAT_Campaign19_05_GP,30,10,100,13,299,9997,4998,6,199,69.609,150,0.008706428571428556,0.00981428571428568,0.022040000000000077,0.0060464697070589405,0.4092188249758442,False,0t7t7jtvc1r9300066sn9gt1m4,0t7sgmp3f1vzv000fjpr6p0xr8
0t7t7twv71tpn000y41x2m23rc,103,1,0,6,0,99,99,50,0,25,299,250905_TDMAT_Campaign19_05_GP,30,10,102,4996,299,9993,3071,6,5,70.077,150,0.0,0.0,-0.0009600000000000363,1e-06,0.05512741131531168,False,0t7t7twtj1xsn0002xraz1b0z8,0t7sgmp3f1vzv000fjpr6p0xr8
0t7t7wh50dxvk000qtp6qkfx4c,119,1,0,4538,0,99,98,50,0,25,298,250905_TDMAT_Campaign19_05_GP,30,10,121,4879,26,9999,2820,4538,297,70.015,150,0.062207500000000235,0.05981428571428588,0.0577600000000001,0.008494439958234576,0.45643702544118403,False,0t7t7wh4e5thd000bse5w8hv10,0t7sgmp3f1vzv000fjpr6p0xr8
0t7t898paxzvq0002tkfv07bcw,115,1,0,4987,0,99,25,50,0,25,25,250905_TDMAT_Campaign19_05_GP,30,10,4957,4963,26,9939,4998,4987,5,71.415,150,0.0,0.0,-8.000000000038198e-05,1e-06,0.03178700560460267,False,0t7t898ntszbd000j907wkeybm,0t7sgmp3f1vzv000fjpr6p0xr8
0t7t8av2yxrch000vmq75pmxkr,102,1,0,4998,0,63,99,50,0,25,25,250905_TDMAT_Campaign19_05_GP,30,10,4997,11,25,11,4999,4998,299,71.412,150,0.01966928571428588,0.018035714285714124,0.02183999999999969,0.005826492101092824,0.4678134042275407,False,0t7t8av2d1wc5000rss1zrkk8c,0t7sgmp3f1vzv000fjpr6p0xr8
0t7t8mws9dz3s000kgnk4abk1c,3998,19,0,42,0,53,99,50,0,25,299,250905_TDMAT_Campaign19_05_GP,30,10,104,12,25,27,2762,42,299,72.009,150,0.05978321428571438,0.05979285714285761,0.06024000000000001,0.01858737913922292,0.5094255904638434,False,0t7t8mwrrdve500003b48bcg1g,0t7sgmp3f1vzv000fjpr6p0xr8
0t7t8svrvhxks000a7j0764aec,3996,19,0,11,0,78,25,50,0,25,25,250905_TDMAT_Campaign19_05_GP,30,10,4991,4998,299,12,2588,11,5,73.523,150,0.0,0.0,-0.0006399999999996453,1e-06,0.038033510860677806,False,0t7t8svr8xw67000q7vs8ydfdc,0t7sgmp3f1vzv000fjpr6p0xr8
0t7t8vgpknrrv000sj36850d04,3984,1,0,4988,0,99,25,50,0,25,25,250905_TDMAT_Campaign19_05_GP,30,10,4992,4996,298,9996,101,4988,299,73.428,150,0.003003214285714709,0.009111111111110404,0.009759999999999991,0.004850531344193477,0.5635711228023877,False,0t7t8vgntxsan000pk4k25jxk8,0t7sgmp3f1vzv000fjpr6p0xr8
0t7t9aycz1yxd000rrre0pzee8,110,1,0,4994,0,68,99,50,0,25,25,250905_TDMAT_Campaign19_05_GP,30,10,101,4997,25,9994,4997,4994,138,73.555,150,0.08152071428571447,0.08461428571428595,0.07643999999999948,0.013965153425726561,0.8795996391999856,False,0t7t9aycc5x9q0001wetag90xm,0t7sgmp3f1vzv000fjpr6p0xr8
0t7t9s0pmnrzf000vz9k4hdbaw,3981,19,0,31,0,99,25,50,0,25,299,250905_TDMAT_Campaign19_05_GP,30,10,4994,4977,26,9979,101,31,5,75.438,150,0.0,0.0,-0.00036000000000001363,1e-06,0.02854577410476152,False,0t7t9s0nnst0d000acqf6b13qg,0t7sgmp3f1vzv000fjpr6p0xr8
0t7t9tmf29x1h000w0kcqxc9qr,100,1,0,5,0,60,25,50,0,25,299,250905_TDMAT_Campaign19_05_GP,30,10,4995,12,299,14,101,5,203,75.358,150,0.008451428571428669,0.012999999999999545,0.013799999999999955,0.011172824172966046,1.8600911007194867,False,0t7t9tmdphv5k000ttffcrxnr0,0t7sgmp3f1vzv000fjpr6p0xr8
0t7t9z1a4xtzh000wzqbjjpsb8,3988,19,0,11,0,99,25,50,0,25,26,250905_TDMAT_Campaign19_05_GP,30,10,104,14,299,57,100,11,5,75.453,150,0.0,0.0,-0.0006000000000000227,1e-06,0.06323970553527344,False,0t7t9z19esy890001e75hmya3m,0t7sgmp3f1vzv000fjpr6p0xr8
0t7ta0qp31yvd0003m9zpqmanw,3998,19,0,5,0,59,99,50,0,25,299,250905_TDMAT_Campaign19_05_GP,30,10,4998,10,25,12,4998,5,139,75.384,150,0.0643182142857142,0.06821428571428559,0.09476,0.02507656439053512,3.008489260154556,False,0t7ta0qngsyyf000x5kvwb7dxw,0t7sgmp3f1vzv000fjpr6p0xr8
0t7ta8hrx5xg7000hqwhkpxzzm,103,19,0,8,0,62,25,50,0,25,299,250905_TDMAT_Campaign19_05_GP,30,10,4999,4999,25,9998,100,8,200,77.169,150,0.0036003571428569357,0.00832499999999925,0.02975999999999999,0.0028021197333457353,2.1296219375960677,False,0t7ta8hrc5r21000absmrmh3cc,0t7sgmp3f1vzv000fjpr6p0xr8
0t7tajrwq9xsb0000rjyh5ymfm,3999,19,0,4993,0,99,99,50,0,25,297,250905_TDMAT_Campaign19_05_GP,30,10,4995,4999,299,9985,4991,4993,299,77.524,150,0.0862639285714289,0.09032857142857154,0.10139999999999987,0.021647316843677596,0.6191622108676741,False,0t7tajrw3sw7h0003f471jjkq8,0t7sgmp3f1vzv000fjpr6p0xr8
0t7tb4a7vnsfb000xm2c96f148,3989,1,0,4994,0,25,25,50,0,25,299,250905_TDMAT_Campaign19_05_GP,30,10,102,4998,299,9997,102,4994,127,79.897,150,-0.0009664285714283745,0.0046166666666659735,0.006519999999999868,0.0029237057915532734,0.4770398177633133,False,0t7tb4a79hysd000nybc25nw2r,0t7sgmp3f1vzv000fjpr6p0xr8
0t7tbj22p9vcs000991fkvmejm,118,19,0,4995,0,25,25,50,0,25,298,250905_TDMAT_Campaign19_05_GP,30,10,4994,4986,299,9966,4995,4995,5,79.892,150,0.3074142857142859,0.3042571428571433,0.26420000000000016,0.06120019507771893,4.079350379609982,False,0t7tbj2251vb10003kfz204kd8,0t7sgmp3f1vzv000fjpr6p0xr8
