,rmse_all_exp,rmse_all_exp_sem,rmse_current_exp,rmse_current_exp_sem,information_gain
0,,,,,
1,,,,,
2,,,,,
3,,,,,
4,,,,,
5,,,,,
6,0.06516075291375797,0.004376995251714211,0.06891981898745211,0.005321256787103929,
7,0.06530286921636264,0.004357684565880512,0.06904205964136799,0.005296095049300955,
8,0.05960347243293403,0.004414919066132519,0.06536185514067637,0.005410708928078175,
9,0.05926755795677734,0.004410099284393729,0.06499345758042023,0.005405389779305841,
10,0.05759794296973689,0.004338715279616706,0.06342231606657434,0.0053239443956120186,
11,0.0579331338636776,0.004399208160911444,0.06375393816107672,0.005400213164871264,
12,0.058261936350918954,0.004414337798592129,0.0641034242510552,0.005418313261280242,
13,0.05454185090391542,0.004424620017421636,0.05992628651023373,0.005441105957894326,
14,0.0542029634687154,0.004436029792318279,0.05951724234568126,0.005450352882949758,
15,0.05214328456336797,0.004534945699950795,0.05725762226899748,0.005582954474134775,
16,0.05205604019892585,0.004593191859952545,0.05713503091850193,0.005655861840631114,
17,0.052086805093700055,0.004597375921605081,0.05716333814522367,0.005660840859947981,
18,0.052041909315791605,0.004589311807797368,0.05710959590406135,0.005650798299351511,
19,0.05199112165363912,0.004601978357115868,0.05704602303814435,0.0056664403293870125,
20,0.05210746510572322,0.004645274569439899,0.05700229062756224,0.005719520576216513,
21,0.05255500908758955,0.00469223844660116,0.057491395719104575,0.005778081351869155,
22,0.05283649979471808,0.004713843984421575,0.057794623067403954,0.00580434212217613,
23,0.052811670814620765,0.0047117668682689785,0.05778629434286725,0.005801719899860636,
24,0.05255627734627376,0.004694234544062804,0.0575577939815067,0.005780716739722731,
25,0.05244782097652648,0.004692056528301347,0.05745242386706249,0.005777676813169333,
26,0.05241701716806774,0.004689421947943376,0.05741929458006816,0.005774490295526096,
27,0.05170459476094249,0.00462724920783384,0.05677984513912238,0.005698992371388667,
28,0.051739676026006806,0.004636467897410937,0.056835896316142054,0.005710625541795528,
29,0.05243716569885716,0.00467663176601665,0.0573827299608943,0.005756270343441259,
30,0.05246357797300417,0.004689090343584122,0.05739738038320054,0.00577159608916241,
31,0.05242291793054846,0.004683441437703452,0.05734327085685331,0.005764780891975135,
32,0.05233204704859935,0.004680064331827766,0.057244432442120186,0.005760809854447626,
33,0.052349311619819344,0.004680200308446684,0.05725239202937482,0.0057610764537328225,
34,0.0518780760278704,0.004646682815209051,0.05665745512211156,0.005720746534162248,
35,0.05195915550392122,0.004641774420653664,0.056627592037535424,0.005713706075958032,
36,0.051671362362670066,0.004613416446861014,0.05632027721437292,0.005677887098678521,
37,0.051676819350936876,0.004621390377882758,0.056350801926834,0.0056880353054572464,
38,0.05174674031778843,0.004626653148702928,0.056437688880268434,0.005694530743042642,
39,0.051712467634889965,0.0046339004684753625,0.05638302965626134,0.005703918845675744,
40,0.05170693706687526,0.004640355556633128,0.05640582095261196,0.005712154031035061,
41,0.05183224070640279,0.00469454190159881,0.05643266325261722,0.0057790588589379625,
42,0.05180620413530552,0.004656328832033226,0.056592359633054555,0.005729217455768238,
43,0.05204849633910685,0.004680865261510618,0.05685172142016793,0.005760116597025633,
44,0.05207165775004448,0.00468815128146114,0.056882199166043146,0.00576953582841663,
45,0.0521196559829515,0.004689630284956744,0.056922449914635964,0.005770790476262005,
46,0.052060199340192626,0.004691583558808477,0.05687440557922455,0.005773742771973824,
47,0.05205028397003689,0.004697145161752464,0.05687249474256858,0.005781416708413389,
48,0.05212262214319411,0.004700818419466051,0.056934650403546797,0.005785409718027157,
49,0.04864169688089918,0.004037965456203168,0.053030393715391956,0.004955862459287246,
50,0.04857906853335214,0.004042551287005081,0.05295498846892915,0.0049618381400662005,
51,0.04285028387584609,0.003637468402143542,0.045076942415123125,0.0044280970631235365,
52,0.05073353974601383,0.004280484502937183,0.055099331162188486,0.005242215874668883,
53,0.04307072196620483,0.0036666144772888667,0.04528513010116484,0.004464844963915771,
54,0.04629866460326819,0.0040254035865814625,0.04959217106105818,0.004929472405353671,
55,0.04180421310031425,0.0035191149048223883,0.043666913610869613,0.004283747446859799,
56,0.04171553009092408,0.0035105815894645267,0.04355232677538007,0.004272294813627216,
57,0.042620647307339714,0.003436664554849715,0.043677830164496965,0.00416465976053671,
58,0.0424162709269096,0.0034294290777743706,0.043446816206495646,0.004155003142145113,
59,0.041714608926752744,0.0034036186155061744,0.04266071941715542,0.004109875279669025,
60,0.04187080914082743,0.0034163105942611022,0.04279120840865433,0.004125843712526299,
61,0.04161872581507254,0.003412669461821603,0.04265049873946227,0.0041235546443843295,
62,0.04167582662325717,0.003412607525322522,0.04266981261391362,0.004126897080921469,
63,0.04223323768352289,0.0034409489551401524,0.0430967859684012,0.004164040779671724,
64,0.0423276168367771,0.0034503192045709044,0.04318688611317159,0.004175891551063819,
65,0.03937406076586322,0.0029309745213999356,0.04053226939604812,0.003394184066158671,
66,0.03936705190225892,0.002934759052712254,0.04056003848903655,0.0034057908488881027,
67,0.039164859405093885,0.002933227225272815,0.04033475419119704,0.003417101508190237,
68,0.038925109875258435,0.002914283713703025,0.04001039551440675,0.0033900677265481303,
69,0.03914255959957818,0.0029342037388247018,0.04031530765500745,0.0034190330256618413,
70,0.03916318119738761,0.0029322000991177316,0.04032377154678468,0.0034149679399837316,
71,0.03924898346867415,0.002939883992350885,0.04045466448110731,0.0034291362326872668,
72,0.039182889729215575,0.0029402365258575655,0.040071710819031686,0.0034120113401742832,
73,0.038508885649514844,0.002877898129558993,0.03936014871746957,0.0033403094053603196,
74,0.038461200663968735,0.002875752104498735,0.03928415489391138,0.003336565630456559,
75,0.03850580009226925,0.0028826952122721758,0.03936089655077957,0.003348598493585467,
76,0.03869319993165883,0.0028992514718631187,0.03925828147315871,0.003344780039170763,
77,0.038660592131597366,0.0029061881047865463,0.039208848802477825,0.0033499603971701795,
78,0.038795781841535475,0.0029262513922645255,0.039427442230590394,0.0033804747576142422,
79,0.03879185339026705,0.0029277560240887185,0.03939384482487293,0.003378833416500524,
80,0.038741804455676855,0.0029324202653599114,0.03938489174768059,0.0033911856570612102,
81,0.03894812144329253,0.0029471968462302946,0.039451140429167975,0.003398688343933381,
82,0.03900978746376925,0.0029486024498980427,0.039514804352815416,0.0034012325299414346,
83,0.038872019907307584,0.0029393872727317264,0.03935401346074582,0.003387967143248211,
84,0.03892149418421506,0.0029453352496256477,0.039360141936474684,0.0033910320473362174,
85,0.03879684798981614,0.0029507919798772483,0.039200181745363265,0.0034001892251735305,
86,0.0384695465264007,0.002949726549237226,0.03888381525715469,0.003401628800565378,
87,0.038565766845522625,0.002960426512892953,0.038855915285799854,0.0034086019593535717,
88,0.038614443600285965,0.0029682147227824114,0.03892414030472052,0.0034209535925347084,
89,0.03863383577031775,0.0029645329540369516,0.03892629311580213,0.003413886562130506,
90,0.03833737379241664,0.0029579394990282342,0.0386325986395286,0.003412576400118692,
91,0.036512018312566875,0.002675234208300026,0.03533326611973149,0.0029041884191333476,
92,0.036342003579614646,0.0026746008799117737,0.035370063266341414,0.0029277369345907097,
93,0.036259474582390476,0.002673305694445394,0.03525659866343261,0.002928033837345312,
94,0.03626789389662938,0.0026744581460044223,0.03526059541679211,0.002929659641530235,
95,0.037335487692514,0.002856400760527579,0.036909251217436,0.0031892435080933673,
96,0.03721655335195187,0.0028549435240486616,0.03672330378241913,0.0031796748655415793,
97,0.03730869295881311,0.0028635193498096558,0.03675195926098657,0.0031819481790210736,
98,0.03728907946198809,0.002867360927924529,0.03672936599945407,0.0031838270350040367,
99,0.03556210666727504,0.0026445371203810382,0.034432227560374645,0.002876313126007001,
100,0.03554981953954847,0.002639827810233359,0.034412988076348745,0.002870909430502196,
101,0.035482403412445934,0.0026438787873594946,0.0343962458499368,0.002874123712078379,
102,0.03551946505793538,0.002644571068705159,0.034409801057822,0.0028747012114157342,
103,0.03551334363043261,0.002641143484003033,0.03450172549607282,0.002897334054258138,
104,0.035550921569671566,0.0026465883662525037,0.0345306888010951,0.002908560387629455,
105,0.03537214287862634,0.0026446502044958015,0.034366689631309816,0.002905642208569274,
106,0.03520826659880306,0.0026479306487200106,0.034210010063973874,0.002899783627625317,
107,0.035198397399543176,0.002648347606874656,0.034191803335164875,0.00289999817515304,
108,0.03518069446154952,0.002647762228834359,0.03415733413824782,0.002896836365191705,
109,0.03516171271196935,0.0026470445949728335,0.0341349098158559,0.002894285298491062,
110,0.03511308547427798,0.002649844113920872,0.03409726086478825,0.0029015312771408647,
111,0.035071149381859186,0.002650882462461953,0.034049078857527566,0.0028990208873947722,
112,0.035090427679270744,0.002658399476477347,0.03397011176192691,0.0028970977156672554,
113,0.03512302094644463,0.0026596558659256675,0.03399257239610065,0.0028993135252531883,
114,0.03512923540363938,0.002677105794816242,0.03381313009403581,0.002913962605731867,
115,0.03507732124355791,0.0026776124187661734,0.03375065215502886,0.0029120294766673415,
116,0.03486027159639264,0.002659115608905458,0.033664150637340844,0.0029056851248214868,
117,0.034411115740930774,0.0026444490186927267,0.03309423802765708,0.0028763737904621924,
118,0.03441975610887637,0.002646084609589677,0.03305818640069905,0.0028865688688884555,
119,0.03433877138131716,0.0026486819282731293,0.032968230166057336,0.002889953007763394,
120,0.034412064791690275,0.0026534659684826823,0.03303067525943715,0.002897743332648584,
121,0.03423972166748554,0.00264760942808932,0.03283348821719246,0.002899268351532269,
122,0.034217371195692396,0.002645671168204292,0.03280854630567468,0.0028964561121856687,
123,0.03391432698996782,0.002626499670896032,0.03253592519468979,0.002865279575065137,
124,0.03395916684930086,0.002627590850733509,0.03256672998228096,0.0028686939636802973,
125,0.033740761540089766,0.0026347808564459595,0.032337818343963765,0.0028700894077305305,
126,0.03380860731570811,0.0026342696450737065,0.032380621588136656,0.0028685714192634377,
127,0.033649110631011704,0.0026363405741415677,0.03218599941665064,0.0028657780988759402,
128,0.03361098986147375,0.002640352751855971,0.032142439165254943,0.0028721098011685016,
129,0.03359804702710624,0.0026438411743794255,0.03215537500470582,0.0028804925023276744,
130,0.03319269201543469,0.002655600206594718,0.03183390841345482,0.002887571020772408,
131,0.03328594323045269,0.0026579734137652062,0.031781537280465844,0.0028926752028640506,
132,0.033408591295234276,0.0026735017013868696,0.0319718141832615,0.0029153519806465553,
133,0.03330677881648006,0.0026482739916901684,0.031739026438963244,0.0028847474921820447,
134,0.03323159098825924,0.0026494760769928327,0.03167433599505138,0.0028861141045109758,
135,0.033288025393598666,0.0026875330875480393,0.03194745743678918,0.002942378701764217,
136,0.03296115341127076,0.002654747063967527,0.03154672750349204,0.002907827046074504,
137,0.03298021146911483,0.002655535821874695,0.03153835568875829,0.0029052990175534124,
138,0.03287381602853171,0.002655315067492726,0.031414067640626125,0.002906898830909384,
139,0.032750773940725085,0.002654984083082815,0.03126332426878795,0.0029094679841250278,
140,0.03248963099975996,0.00265430365156783,0.030744923566419818,0.002873619160901201,
141,0.03249569019343359,0.002657409724334149,0.030776139202758537,0.002881361665780886,
142,0.0324574089957298,0.0026556068385494946,0.03072575986242639,0.0028808250804447533,
143,0.03250524013761816,0.002655459390280581,0.030724324216609027,0.0028818139397855888,
144,0.03248089687345867,0.0026532186022152735,0.030666226096349877,0.002874462375403445,
145,0.03247682491547618,0.0026542318831709513,0.03066998280017459,0.002876164736637814,
146,0.032485885281737376,0.002657970876781851,0.0307048442544674,0.0028845687170708013,
147,0.03255906958027574,0.0026590913225583344,0.030769909409991823,0.002887140461351518,
148,0.03255824495293051,0.0026747408347059178,0.030823801283136873,0.002912647132436936,
149,0.032564451362202165,0.002678172356268113,0.03083340263052836,0.002916780345397533,
150,0.03260278853310513,0.0027018324517968516,0.03051262894671133,0.002901745265110812,
151,0.03257424068157514,0.002701613322088132,0.0304712754608366,0.002900471479166977,
152,0.03249147047456005,0.0027016924958631915,0.03032418045057552,0.002894479235809404,
153,0.03128221032157257,0.0026100470623860368,0.02884221545423214,0.002746668336189079,
154,0.03126391358260764,0.0026088741564953633,0.02882072932766638,0.002745259925746982,
155,0.031170586860584285,0.0026110782243180123,0.028645022086923856,0.0027546601520319135,
156,0.031281302172266316,0.0026128817854856818,0.028734436936464512,0.002755063488488552,
157,0.03127419573360657,0.002615136852374475,0.028770067766788837,0.002763926600309446,
158,0.03113262114649443,0.002604944754850587,0.028600991479383893,0.0027471865886342537,
159,0.03114912392490469,0.002606100390516266,0.02858106654750562,0.0027449193651397277,
160,0.03115064214056984,0.0026050822026488923,0.028621285229152926,0.0027488561845110306,
161,0.031154777671218672,0.0026051825294770513,0.0285898890475514,0.002745966526999496,
162,0.030701731554154062,0.0026015634991713036,0.028139801493722326,0.0027446475860604014,
163,0.030684994955923625,0.0026105421729891573,0.028197793594597405,0.002777208314759761,
164,0.03005313669063072,0.0025878643557033566,0.02731747887115413,0.002738444442960673,
165,0.03000050018270454,0.0025820301466493675,0.027258439608037418,0.002732244767641395,
166,0.030210314038517514,0.002594128505419342,0.027341512021194544,0.002732952210267354,
167,0.02995590045475024,0.0025956122152742743,0.027037974702700245,0.0027359315850479103,
168,0.029806521781217,0.002599035305636771,0.02692538537057389,0.0027464144234491516,
169,0.029881267617338468,0.002599257646230653,0.02700250367941579,0.002746754275161698,
170,0.029980605901491507,0.002598982345318278,0.026982868447191423,0.0027452255797998652,
171,0.03001690737142074,0.0026001076456613837,0.027022598232228936,0.002746804690445019,
172,0.030018179852448108,0.0026008331528586297,0.026961513204215817,0.0027416223293842755,
173,0.029992739563662094,0.002601316555273992,0.026977962450955836,0.002750214652721249,
174,0.02977675355770638,0.0026083446204797334,0.02668093390479716,0.002765456369247732,
175,0.029692263527596498,0.0026055250135709087,0.026553101380924943,0.002756938414086041,
176,0.02942696223093616,0.0026077221598654428,0.026172625048453187,0.002758770183487175,
177,0.029354222223457054,0.0026025043137943103,0.02611292571706492,0.00275173831878962,
178,0.029402265568201087,0.002601882791070704,0.026161355704457576,0.0027496917179114836,
179,0.029325419098451565,0.002603123837442195,0.026100593025703642,0.0027563363470979323,
180,0.029322956433081138,0.0026122578867833124,0.026077449987281398,0.002775565901552398,
181,0.029248568803051673,0.002605046929493851,0.02592638736170882,0.0027560242164192707,
182,0.029078115791831276,0.0026051606008494115,0.025813099509093898,0.0027651436214321916,
183,0.02894504524865671,0.0026049082629404077,0.02569083933373833,0.0027683077867310473,
184,0.029055990014113797,0.002606287414901606,0.02580215268993651,0.0027676676530085597,
185,0.029083723769626292,0.0026095990325054838,0.025775941991311425,0.002776907393122416,
186,0.029060689477323497,0.002621723143490362,0.025607280420926148,0.00277391450865359,
187,0.02896004922169786,0.0026240390350618153,0.025525795215776793,0.0027864779680473123,
188,0.028937337387497587,0.002622304275592273,0.02545348139891579,0.0027787807684166144,
189,0.02903164454079123,0.0026456885668675015,0.025250246074486563,0.002766002483133924,
190,0.02903048549417471,0.0026446447625393414,0.025240555016931038,0.002761876575552473,
191,0.02899556342828473,0.0026455475508338046,0.02516566395953842,0.0027643152096882145,
192,0.029005237146639575,0.0026457270048919125,0.02515956250810267,0.0027625553655881195,
193,0.02897553197035744,0.0026443922417614396,0.025124768583000265,0.002758613645342981,
194,0.028982595261697292,0.002645136093812793,0.02514015067872457,0.002760713382764503,
195,0.028970747481527986,0.002641696223433688,0.025115196874160292,0.0027560239300765807,
196,0.02892418352176406,0.002641905554800246,0.025092974309985274,0.002760848533815108,
197,0.028784871843356402,0.002641246780403733,0.024887261475630067,0.0027590850739825515,
198,0.028799260806245137,0.0026443255253172557,0.02491936970033668,0.0027667587763755075,
199,0.028060459948456233,0.00259798888410767,0.023274612267728718,0.002544666798848898,
200,0.028089017405640675,0.0026010328615430132,0.02329624480872849,0.00255056814126864,
201,0.028073419005533416,0.002601608370099902,0.023283111339325594,0.0025513433350775414,
202,0.028020105521796835,0.002601793998146913,0.023248486921544503,0.002556067174112743,
203,0.027913546036367594,0.0025981585877921888,0.023081639363403485,0.0025450200972689024,
204,0.02788725628817576,0.0025956868858945338,0.023034746954501483,0.0025390502706212235,
205,0.027897563431483537,0.002596477468978369,0.023052909414592974,0.00254201431059562,
206,0.027668147437977898,0.002605407435960566,0.022576366276055776,0.002496785286217381,
207,0.027734420132464868,0.0026163423667044583,0.022546136654161313,0.002501531114884536,
208,0.027739408769909452,0.0026211378061103932,0.022503156094520027,0.002503054678288038,
209,0.027704560723123797,0.0026189789437784288,0.02248687177640918,0.002502908376378332,
210,0.027724349491942572,0.002617270252832572,0.02251025622559428,0.0024972986018865617,
211,0.027595684745053237,0.00262119564507624,0.02233958961597302,0.0025114122852247134,
212,0.027582313365801837,0.0026200046092317215,0.022307065803961443,0.002506748668770481,
213,0.027514621809700573,0.0026196742980618515,0.022214727535858982,0.002506342130642544,
214,0.027553852139935688,0.002626668345672331,0.022078342389253748,0.0024958779793413954,
215,0.027546201981654184,0.0026235681716759753,0.022073715131723324,0.0024883905410067013,
216,0.0274513138090649,0.0026038991460834065,0.02207968807784093,0.002494827963536592,
217,0.027408073506337397,0.0026014100814510644,0.022043269322626655,0.002492200788740222,
218,0.027467751016539216,0.002603874217886875,0.02209990806965741,0.002496256876411982,
219,0.027408284765777027,0.002602382980450724,0.022028389482749846,0.0024908367501474933,
220,0.026918521919086256,0.002585945501236474,0.021550297245480084,0.002470900512483522,
221,0.026891573251327357,0.002587304537140371,0.02123537844882757,0.0024625086572766554,
222,0.026830774442407078,0.0025850209718511073,0.02121251651603273,0.0024646023566112178,
223,0.02685195188411659,0.002583934324853016,0.021204454684807646,0.0024592264129764904,
224,0.026767784731969016,0.0025765618056750117,0.021172752244629202,0.002455759310297234,
225,0.02672867936417822,0.002576766442522593,0.02105381953382442,0.0024482813976292993,
226,0.026442935916169936,0.0025611334443132435,0.020745467583733454,0.0024307093892360476,
227,0.026458630495003646,0.0025625821316177426,0.020759273219060476,0.0024333182926772573,
228,0.026351189635101895,0.002561259852508394,0.020576595799053972,0.0024274908104796942,
229,0.0263168243306713,0.0025599200382010255,0.02054768883656924,0.0024268191269138832,
230,0.026306439666853684,0.002558853032249361,0.02057300425541012,0.0024302340380605333,
231,0.02624736315859212,0.002557098556723162,0.020431643604991872,0.0024168556772495645,
232,0.02612887669998886,0.0025670231637732513,0.019448227925879663,0.0023027193093488716,
233,0.02608918677585897,0.0025643160465638184,0.019394678334448148,0.0022915412262608037,
234,0.026009663566267095,0.002566949261294763,0.019258957293890103,0.002292511231037568,
235,0.02602442651190931,0.002566759683235797,0.019287876474544975,0.0022979824710796623,
236,0.025401531718606506,0.0025338001968531797,0.01856112253310126,0.0022482979282647934,
237,0.025369989637778374,0.0025344761641637615,0.018509958755929604,0.0022498728728688328,
238,0.02521957612243635,0.002519405596935936,0.018446178882822788,0.002247205157550494,
239,0.02517254472902392,0.002518669509577294,0.018405752268749482,0.0022519465953070375,
240,0.02516001933012092,0.002518683120102918,0.018353873018200625,0.00224783397011748,
241,0.025094265495054616,0.0025153923620977823,0.018334851434423385,0.0022529071554633303,
242,0.025024557286777886,0.0025120084417433524,0.01824574048325211,0.002250691671181587,
243,0.024407514604720494,0.0024782579246733607,0.01750466600379707,0.002204633020271111,
244,0.02439703235025437,0.0024759821785529683,0.01745833916512134,0.0021925200062813096,
245,0.02426816071200184,0.0024719447868288974,0.017349493421196287,0.0022001206789346245,
246,0.024291784281260054,0.0024736531196384347,0.017334246104118003,0.002196560093556847,
247,0.024161585795760335,0.0024777763189172426,0.01701644187552886,0.0021891155915757924,
248,0.024174893226239117,0.00247883718417287,0.017020264784606914,0.002189928858578785,
249,0.024126325729045977,0.0024790626039135023,0.016923698428490792,0.002184684821872621,
250,0.02409955210610337,0.0024790737539350143,0.01696991845334956,0.0022015580888919742,
251,0.024006371868985528,0.0024768670165803246,0.016825404763770032,0.0021973743905851803,
252,0.023986473935367965,0.0024768134896206713,0.01681079256929219,0.00220084877268138,
253,0.023960787949714207,0.002471918956269688,0.016804339511969375,0.002192571815123646,
254,0.023952241508691456,0.002471194472384555,0.01672928049827587,0.002186016879985901,
255,0.0239443598303091,0.0024732724835308515,0.01670430941152825,0.0021903229811066223,
256,0.023320530441159594,0.0024256641840121797,0.01609938632727941,0.0021518599652284413,
257,0.02326456725872225,0.0024243858204899835,0.016116127644966245,0.002175519483205467,
258,0.023136958152058372,0.0024262106502443625,0.01581802882426091,0.0021749045632974235,
259,0.02302328659492238,0.0024249670663045795,0.015550263351463374,0.0021655489296970283,
260,0.02303837947111232,0.0024314133181036067,0.015578606605795239,0.0021897673865471233,
261,0.02289959122517404,0.0024206778953555033,0.01535891183036766,0.002165476325268025,
262,0.02260224146022931,0.0024117260649365677,0.014740656205191528,0.0021284002893514884,
263,0.02260756752821187,0.002410380047399155,0.014732071134016747,0.002124449395164273,
264,0.02261488806122645,0.0024117411582658317,0.014720864512279963,0.002122808592583071,
265,0.02260476908074034,0.00241668682863828,0.014690177469900829,0.0021417649696877164,
266,0.02229076210845519,0.002411078596935213,0.01397577147013954,0.0021435683644274745,
267,0.022306770297985477,0.0024121276890704327,0.0140005562920136,0.0021466455316721113,
268,0.02216264255428915,0.002404526147144127,0.013656400295676855,0.0021100841103370276,
269,0.022145496804431782,0.0024071890763669155,0.013655091501819374,0.0021177163791439553,
270,0.02215354969079977,0.0024075958548110724,0.013638260798761086,0.002115532394057509,
271,0.022145130943271422,0.002406274193710345,0.013628045041147651,0.002113205993028873,
272,0.02211807379330944,0.0024046806840056453,0.013618337150145569,0.0021141522707174096,
273,0.022118612264336195,0.002410928391795651,0.013539387188528311,0.002130701696527277,
274,0.022110925029660042,0.002410576019715137,0.013509708628507885,0.0021286297210548655,
275,0.022085515114779988,0.0024065588921083586,0.013487489257023798,0.0021167977768610856,
276,0.022046376460087662,0.002407888496639035,0.013390334561575004,0.0021203481248227886,
277,0.021893251252021222,0.0024061169152596795,0.013018142689122016,0.002110585578797846,
278,0.021925359013180563,0.0024154414816368627,0.012927195348541372,0.002124195284965062,
279,0.02173728847449409,0.0024050131046221912,0.012144666222986327,0.002090230583128064,
280,0.020708951164462287,0.002312349418555694,0.008903951133318499,0.0012436004834591597,
281,0.020524740114527523,0.002320416425654215,0.00782747969054889,0.001065461819722501,
282,0.020512263825875655,0.0023183596668256675,0.007811112752890083,0.001063021445625799,
283,0.020303254114884213,0.002309049325720357,0.007511010473693661,0.0010477888947619891,
284,0.020257863690143523,0.0023065076044875574,0.007438466830020797,0.0010531558601737296,
285,0.020108432654239408,0.002307302139207499,0.007014785369085395,0.0010229141951271364,
286,0.02003356179543013,0.0023050186180773365,0.006774635586887602,0.0010223611031110974,
287,0.020006573690056467,0.002316524259591844,0.006079237402200921,0.0009460808440878896,
288,0.02005812598098317,0.002320052550764985,0.006069429453389184,0.0009506007650355051,
289,0.020024479238196197,0.0023180633817327717,0.006085126677655422,0.0009538093384463474,
290,0.020016339262933294,0.002317294691423952,0.006083544477561095,0.0009580142333354639,
291,0.01999643243179712,0.002314646128637881,0.006064802060654426,0.0009511896407056639,
292,0.0199739395872566,0.002315602956984748,0.005824643755745967,0.0009395075728686482,
293,0.019883061102907384,0.0023093350881596506,0.005714497576631589,0.0009333978566108831,
294,0.019900788152499807,0.0023103433372397486,0.005747095535932512,0.0009423948621078137,
295,0.019910417230188913,0.0023107321764914645,0.005727952221019676,0.0009463501340944873,
296,0.0196318754223895,0.0023006840559235578,0.004377955072331855,0.0006828149619870542,
297,0.01954635558295788,0.002305552569323676,0.003493033137851678,0.00046712277083444954,
298,0.019498515835526496,0.00230243990817199,0.003466152495373407,0.00046696952083125743,
299,0.019504019686660278,0.0023030752989413768,0.0034367969330748953,0.000466853330523162,
