FileName,Average_Growth_Rate_nm_per_cycle,Average_RMSE,Lin_GPC_nm,Lin_GPC_Std_Dev
260318_TDMAT_Campaign0027.txt,0.311171097079658,0.07736250000000001,0.07982906795189113,0.04329535526073935
260318_TDMAT_Campaign0027.txt,0.43407289943765764,0.06593333333333336,0.06993440697592125,0.03675679831628365
260318_TDMAT_Campaign0027.txt,0.5144807139759495,nan,0.00023471843515268512,0.001951734454069522
260318_TDMAT_Campaign0027.txt,0.5968627632571011,0.050266666666666696,0.07926449220226263,0.03229790541946937
260318_TDMAT_Campaign0027.txt,0.8218072273605178,0.14881250000000001,0.15954445750278443,0.0466320081218438
260318_TDMAT_Campaign0027.txt,1.006652564846496,0.06214374999999994,0.06644871482465843,0.035215473919156
260318_TDMAT_Campaign0027.txt,1.0924066850243939,0.08454000000000003,0.09797610884754418,0.028520777560394003
260318_TDMAT_Campaign0027.txt,1.1488483053204934,0.0,0.0,0.01038216925708963
260318_TDMAT_Campaign0027.txt,1.1697656081886862,0.05050666666666667,0.05377173837359912,0.02637911716911042
260318_TDMAT_Campaign0027.txt,1.2368486297301675,0.04060000000000008,0.044419789337615034,0.029567569688459763
260318_TDMAT_Campaign0027.txt,1.2913548054062913,0.08454374999999992,0.09310766063990547,0.04801534841470606
260318_TDMAT_Campaign0027.txt,1.3449470412449656,0.009553333333333332,0.008583453833145082,0.024817636632633967
260318_TDMAT_Campaign0027.txt,1.3485145925219784,nan,0.0,0.0014393749338746343
260318_TDMAT_Campaign0027.txt,1.354251051515417,0.01777333333333336,0.01782717703207224,0.0074182391477160495
260318_TDMAT_Campaign0027.txt,1.404219754060089,0.0915999999999999,0.10102030729850012,0.032375586469820396
260317_TDMAT_Campaign0026.txt,0.32204521236585265,0.014693333333333343,0.015252178155658743,0.02122970370275892
260317_TDMAT_Campaign0026.txt,0.3407150923290836,0.00032500000000000584,0.0001025194561409663,0.008198564901233269
260317_TDMAT_Campaign0026.txt,0.3461640293757829,0.000953333333333332,0.0016542695901249102,0.02845347489315736
260317_TDMAT_Campaign0026.txt,0.3773403465646958,0.009200000000000009,0.01021555754248129,0.010271874270294499
260317_TDMAT_Campaign0026.txt,0.3741630802987557,0.002926666666666655,0.0017777724713316388,0.017082037244731698
260317_TDMAT_Campaign0026.txt,0.44079422843610416,0.07326,0.07857043452917369,0.05525521498300255
260317_TDMAT_Campaign0026.txt,0.5694200322197932,0.07239374999999998,0.08291093959872424,0.04905734714601422
260317_TDMAT_Campaign0026.txt,0.6583662011836368,0.005646666666666651,0.0064384330886786524,0.00506372374992144
260317_TDMAT_Campaign0026.txt,0.6615398979736057,0.0,0.0,0.002647285224904013
260317_TDMAT_Campaign0026.txt,0.7033226378463874,0.035512000000000016,0.04567617220997864,0.1232756445336523
260317_TDMAT_Campaign0026.txt,0.7842587667628587,0.024386666666666675,0.03283499412160628,0.06506035494100465
260317_TDMAT_Campaign0026.txt,0.8106788699172152,0.01645000000000002,0.016438722760756273,0.019143279031302744
260317_TDMAT_Campaign0026.txt,0.9528850806126136,0.13182666666666673,0.14329344553732248,0.046026081914327326
260317_TDMAT_Campaign0026.txt,1.014598722936559,nan,0.0007000224253946664,0.0014273262295978527
260317_TDMAT_Campaign0026.txt,1.0645923319802428,0.09056874999999998,0.09939737585830617,0.04518802164917314
260317_TDMAT_Campaign0026.txt,1.1133656665838394,nan,0.0003748149840823506,0.0018324186690002102
260317_TDMAT_Campaign0026.txt,1.113974038966636,0.0025608695652173698,0.00368483959677051,0.005674761592905462
260317_TDMAT_Campaign0026.txt,1.1305588506310236,0.05289333333333334,0.051685605034502244,0.024479317347728388
260317_TDMAT_Campaign0026.txt,1.2320819183704068,0.26121874999999983,0.29171998514361824,0.09326898990301545
260317_TDMAT_Campaign0026.txt,1.3511892945889867,0.0,0.0,0.020291437322822972
260317_TDMAT_Campaign0026.txt,1.3121779785294385,nan,0.0,0.007481937384554586
260317_TDMAT_Campaign0026.txt,1.2828953011310673,0.00686666666666665,0.013831369059420087,0.004586344237584794
260317_TDMAT_Campaign0026.txt,1.337252329104576,0.012546666666666558,0.013959924666535584,0.008769614916613308
260317_TDMAT_Campaign0026.txt,1.3186931952290788,0.042377777777777896,0.03462147548454672,0.014019473190939699
260317_TDMAT_Campaign0026.txt,1.2925622677073851,0.01911052631578944,0.020293917134114225,0.010493706627567845
260317_TDMAT_Campaign0026.txt,1.2740042557303186,0.015804761904761783,0.022266301415099454,0.01633217471848174
260317_TDMAT_Campaign0026.txt,1.3972420283451656,0.010293333333333266,0.010518972225051533,0.022115033060830343
260317_TDMAT_Campaign0026.txt,1.4404381053859079,0.005282758620689717,0.009176238654496951,0.003258088592394642
260317_TDMAT_Campaign0026.txt,1.4555135168007265,0.018776470588235422,0.024436357861691824,0.03376202140925961
260317_TDMAT_Campaign0026.txt,1.4533588595804072,nan,0.0004985320675792542,0.0027607442519117617
260317_TDMAT_Campaign0026.txt,1.7680710205578853,0.33490624999999996,0.3717659714542884,0.10403433583888062
260317_TDMAT_Campaign0026.txt,2.2843189141846527,0.1102875000000001,0.12091268023028244,0.023695557963491532
260317_TDMAT_Campaign0026.txt,2.530257108255212,0.0821133333333331,0.11560604175420086,0.024728066931242385
260317_TDMAT_Campaign0026.txt,2.659130301629936,0.002042105263157623,0.002122580193222144,0.012895123016509209
260317_TDMAT_Campaign0026.txt,2.723722206274254,0.02682307692307699,0.03847840258988436,0.0295218490980402
260317_TDMAT_Campaign0026.txt,2.771013413294287,0.0024411764705881884,0.0024762393964173554,0.002748229208484918
260317_TDMAT_Campaign0026.txt,2.8313707552611187,0.002331914893617029,0.006060144614895755,0.003424857443441279
260317_TDMAT_Campaign0026.txt,2.900914162385234,0.03892666666666666,0.04119034134929248,0.02116768555040867
260317_TDMAT_Campaign0026.txt,3.000201425936195,0.020443750000000094,0.022830588514280416,0.0071881388740743495
260317_TDMAT_Campaign0026.txt,3.063411905337216,nan,0.032941314590289754,0.022402869134807397
260317_TDMAT_Campaign0026.txt,3.2072398060681877,0.13581333333333323,0.14545713812169334,0.036886934892771214
260317_TDMAT_Campaign0026.txt,3.275169430567939,0.07928888888888884,0.09042651596095376,0.020013494376342745
260317_TDMAT_Campaign0026.txt,3.382856727608642,0.0,0.0,0.0042655611230798625
260317_TDMAT_Campaign0026.txt,3.4337798515703555,nan,6.823380721469809e-05,0.0006772072045322635
260317_TDMAT_Campaign0026.txt,3.3463256733158744,0.003993333333333264,0.0037038056904559976,0.005948980388041619
260317_TDMAT_Campaign0026.txt,3.460259515263577,0.14810588235294125,0.169212909983983,0.0335969535095682
260317_TDMAT_Campaign0026.txt,3.5646649160714743,0.012466666666666982,0.008565054495757717,0.00963830354326701
260317_TDMAT_Campaign0026.txt,3.6270617838097365,nan,0.00017661860711056453,0.0011873035224237174
260317_TDMAT_Campaign0026.txt,3.5901470443241705,0.035191304347825934,0.052669868858019823,0.01545530537170021
260317_TDMAT_Campaign0026.txt,3.692387648930977,0.006055555555555653,0.007320380221200674,0.005172925454621
260317_TDMAT_Campaign0026.txt,3.695740461485748,0.13392000000000007,0.14254665700207833,0.03435867626159887
260317_TDMAT_Campaign0026.txt,3.7183589358124305,0.03968125000000011,0.06543635722789846,0.015350214779320756
260317_TDMAT_Campaign0026.txt,3.8673822959344983,0.11685333333333338,0.13618553450698448,0.053546244316668955
260317_TDMAT_Campaign0026.txt,3.947808955402311,0.003940000000000055,0.003120314308305288,0.012193375339741765
260317_TDMAT_Campaign0026.txt,3.9374988842187255,0.0032944444444440693,0.00504754636867542,0.007784284254152623
260317_TDMAT_Campaign0026.txt,3.9779646543717977,0.05497999999999952,0.11259996078483617,0.027300224933581765
260317_TDMAT_Campaign0026.txt,4.061303086263671,0.11776874999999976,0.1350806243337432,0.035166587661490084
260317_TDMAT_Campaign0026.txt,4.146542969337055,0.09648666666666657,0.11526879890252503,0.05740284969781916
260317_TDMAT_Campaign0026.txt,4.253964857322027,0.04636000000000043,0.04938681596852797,0.02343248848600473
260317_TDMAT_Campaign0026.txt,4.314736796718196,0.22608666666666674,0.2464674212895474,0.05963715959324419
260317_TDMAT_Campaign0026.txt,4.419849995883433,nan,0.0007102452755540393,0.0043568110146321145
260317_TDMAT_Campaign0026.txt,4.440326620900803,0.02007368421052628,0.023958551584923136,0.003196570983304551
260317_TDMAT_Campaign0026.txt,4.588598241774863,0.0953437500000005,0.08737041978131764,0.034329064206182
260317_TDMAT_Campaign0026.txt,4.741244857228907,nan,0.0,0.0010897109958687811
260317_TDMAT_Campaign0026.txt,4.311229996484326,0.026280000000000806,0.028587476861578778,0.02954619680347208
260317_TDMAT_Campaign0026.txt,4.156077121909536,0.015100000000000098,0.01691190746532069,0.03542013775942204
260317_TDMAT_Campaign0026.txt,4.175582600300907,0.0003266666666661422,0.00036153673455047603,0.011180694647681469
260317_TDMAT_Campaign0026.txt,4.0349370082882965,0.020586666666667006,0.01747854191492381,0.0506057701368548
260317_TDMAT_Campaign0026.txt,4.072040562314677,0.0591133333333327,0.06445432833131363,0.031576413894965176
260317_TDMAT_Campaign0026.txt,4.007262603931428,0.0,0.0024004956418752043,0.015011046879565958
260317_TDMAT_Campaign0026.txt,3.964206411669766,0.15752666666666737,0.17723005361816596,0.030104586580801007
260317_TDMAT_Campaign0026.txt,3.572638676677963,0.17432631578947316,0.21852839638218005,0.07609259836880249
260317_TDMAT_Campaign0026.txt,3.4010963941147807,0.005399999999999934,0.007380363304914182,0.017060284734815793
260317_TDMAT_Campaign0026.txt,3.4329644537332764,0.04534666666666662,0.05574139669628101,0.040160461760902814
260317_TDMAT_Campaign0026.txt,3.5657228702309367,0.011923809523809479,0.01359677819228709,0.01976925049961587
260317_TDMAT_Campaign0026.txt,3.487205439913598,0.0033833333333335405,0.006997943419955506,0.013050754851255795
260317_TDMAT_Campaign0026.txt,3.68146348069823,0.1766437500000002,0.15801756177729118,0.05675005771932176
260317_TDMAT_Campaign0026.txt,3.8464638768614754,0.020112500000000644,0.014326400480143536,0.02257782339516884
260317_TDMAT_Campaign0026.txt,3.506840699119637,0.0018999999999995984,0.0035880793898356318,0.022021592994651826
260317_TDMAT_Campaign0026.txt,3.2371741603032733,0.01694666666666649,0.011203205561130247,0.04493051541229585
260317_TDMAT_Campaign0026.txt,3.2706514047236954,0.0,0.0,0.010989721720473323
260317_TDMAT_Campaign0026.txt,3.1446832613358207,0.10046000000000012,0.11602288150238264,0.03944201176364316
260317_TDMAT_Campaign0026.txt,3.183532901295381,0.0,0.0,0.013500156331435371
260317_TDMAT_Campaign0026.txt,3.1740210705220404,0.008719999999999572,0.010182044080398809,0.011441569791172253
260317_TDMAT_Campaign0026.txt,3.190118012024,0.06453124999999993,0.0700174777132663,0.019302926299520688
260317_TDMAT_Campaign0026.txt,3.0713732335985373,0.03816666666666606,0.03900435789001291,0.032693067810062794
260317_TDMAT_Campaign0026.txt,3.142343848881498,0.14087333333333352,0.15163323630642284,0.04645976055975849
260317_TDMAT_Campaign0026.txt,3.1722087083667265,0.02750526315789458,0.03663323756216612,0.008704834414837584
260317_TDMAT_Campaign0026.txt,3.2960353953347545,0.1427266666666668,0.15718566193842173,0.05158179869326087
260317_TDMAT_Campaign0026.txt,3.226139112205419,0.12721249999999973,0.13486981685941765,0.03906835056641954
260317_TDMAT_Campaign0026.txt,3.03597803042412,0.00377999999999948,0.0020469648211257703,0.015243041297512633
260317_TDMAT_Campaign0026.txt,3.0924484301422814,0.010705882352941303,0.014249903925862424,0.01380663887969292
260317_TDMAT_Campaign0026.txt,3.0204415077700104,0.006712499999999899,0.008351594408931217,0.021805761213084023
260317_TDMAT_Campaign0026.txt,3.0776394993629017,0.012039999999999888,0.011569568551470606,0.02113896600520786
260317_TDMAT_Campaign0026.txt,3.1703778563512226,0.06468888888888892,0.0406903761926635,0.04864489732936081
260317_TDMAT_Campaign0026.txt,3.1157855263053067,0.1118933333333331,0.1321626747074272,0.03186004197980678
260317_TDMAT_Campaign0026.txt,3.1316881832677455,0.005381818181817912,0.008677068763563271,0.024467750488126553
260317_TDMAT_Campaign0026.txt,3.1378944993522366,0.0,0.009420680504073815,0.012243203983086301
260317_TDMAT_Campaign0026.txt,3.1442498801899355,0.10132000000000119,0.05155482315392693,0.041396224497250333
260317_TDMAT_Campaign0026.txt,3.138728104123101,0.019886666666665557,0.021487309978913707,0.02231016287133829
260317_TDMAT_Campaign0026.txt,3.051109392262293,0.002713333333334352,0.005018226992409985,0.022568196990087205
260317_TDMAT_Campaign0026.txt,3.1337199709424515,0.013866666666667507,0.016039760108264255,0.004260756991146329
260317_TDMAT_Campaign0026.txt,3.0502587904137575,0.0,0.0,0.003960066082614056
260317_TDMAT_Campaign0026.txt,3.1285642176045987,0.06012499999999932,0.06373471833320167,0.04707764995320144
260317_TDMAT_Campaign0026.txt,2.913304300415775,0.01976000000000037,0.015737452328573494,0.04372758256754967
260317_TDMAT_Campaign0026.txt,2.9906699194335955,0.09277333333333218,0.10319469035511535,0.028818723982635935
260317_TDMAT_Campaign0026.txt,3.19052913743964,0.08917333333333204,0.09532012379487859,0.05414711040025854
260317_TDMAT_Campaign0026.txt,3.1894944415707154,0.08856486486486519,0.18925859463506606,0.07403327545902655
260317_TDMAT_Campaign0026.txt,3.462440967183455,0.1174133333333335,0.12448115278481768,0.03407068843816766
260317_TDMAT_Campaign0026.txt,3.746812473600406,0.07185999999999998,0.07766357327359356,0.026866459276537746
260317_TDMAT_Campaign0026.txt,3.7915211906545654,0.002113333333333382,0.0027751508619136855,0.02179617486860579
260317_TDMAT_Campaign0026.txt,3.789302495422604,0.050933333333334004,0.05344873755302298,0.052295987896104255
260317_TDMAT_Campaign0026.txt,3.9066933481517263,0.01841333333333447,0.02166546896090454,0.011869142412713763
260317_TDMAT_Campaign0026.txt,4.076801906252481,0.0010647058823531766,0.0,0.018250523395622584
260317_TDMAT_Campaign0026.txt,4.014309614590251,0.10059333333333408,0.10261402253892385,0.03565816717926061
260317_TDMAT_Campaign0026.txt,4.220437819071397,0.06247499999999917,0.0704910774847617,0.06674692039259407
260317_TDMAT_Campaign0026.txt,3.9782433043234944,0.09278750000000002,0.09305048879161107,0.05398200660214952
260317_TDMAT_Campaign0026.txt,4.118512059899183,0.1545437500000002,0.11067808927186183,0.05346312218942603
260317_TDMAT_Campaign0026.txt,4.010041454459571,0.03501250000000056,0.03217922147492928,0.029955068772093703
260317_TDMAT_Campaign0026.txt,4.0555720184675454,nan,0.00037569645515487366,0.002446981189283159
260317_TDMAT_Campaign0026.txt,3.6864446840312017,0.015433333333332182,0.009318921392086099,0.04825737158516862
260317_TDMAT_Campaign0026.txt,3.6418518553541688,0.07165789473684245,0.09806691371495022,0.04104918159549999
260317_TDMAT_Campaign0026.txt,3.4787844489763935,0.19140625,0.2230069597271362,0.04904198753099016
260317_TDMAT_Campaign0026.txt,3.5503235599147063,0.030126666666666323,0.022086826370729833,0.06451010660816504
260317_TDMAT_Campaign0026.txt,3.567331587551606,nan,0.0013103329382645823,0.003293461976304376
260317_TDMAT_Campaign0026.txt,3.550852427578523,0.09410384615384587,0.1559708275428873,0.05246955868639098
260317_TDMAT_Campaign0026.txt,3.626641307954326,0.06999375000000008,0.05091792896264289,0.053047803464900734
260317_TDMAT_Campaign0026.txt,3.667600459819249,0.002572222222222346,0.002529731365034619,0.010111689490605064
260317_TDMAT_Campaign0026.txt,3.8335606810850305,0.059753333333335,0.0660416807631156,0.049481451520500305
260317_TDMAT_Campaign0026.txt,3.846656819514091,0.0020999999999994066,0.0,0.02594059900545066
260317_TDMAT_Campaign0026.txt,3.864064862485802,0.0,0.0,0.0041433664462659425
260317_TDMAT_Campaign0026.txt,3.8577122075397354,0.002440000000001419,0.0007780721494716676,0.04533973748269395
260317_TDMAT_Campaign0026.txt,3.8616683648178323,nan,0.0010019884806755394,0.0040251808399092105
260317_TDMAT_Campaign0026.txt,3.9400227485587953,0.0638500000000004,0.07221476835661005,0.029248365186115885
260317_TDMAT_Campaign0026.txt,4.4564404285851476,0.17771904761904775,0.23849944653197339,0.08804535559992925
260317_TDMAT_Campaign0026.txt,4.87656534002066,0.02342666666666749,0.028826791247925986,0.019741322424064404
260317_TDMAT_Campaign0026.txt,4.967916713892365,0.008426666666665975,0.005057572595759652,0.029370069209275186
260317_TDMAT_Campaign0026.txt,5.047121427774264,0.002953333333332845,0.004366797689710592,0.023993258253534856
260317_TDMAT_Campaign0026.txt,5.106474093380892,0.0,0.0006360010239550413,0.004168217435760652
260317_TDMAT_Campaign0026.txt,5.129474656478986,0.007086666666666967,0.006451053432262558,0.024279722112845396
260317_TDMAT_Campaign0026.txt,5.176218212057294,0.0,0.0,0.027689384103613397
260317_TDMAT_Campaign0026.txt,5.606367415562119,0.3075499999999991,0.33529186528008026,0.13856782203728407
260317_TDMAT_Campaign0026.txt,5.837269340231908,0.07643170731707329,0.1528296360316936,0.06876129283972546
260317_TDMAT_Campaign0026.txt,5.826348962072038,0.02388125000000052,0.014220283728156974,0.0374866382746101
260317_TDMAT_Campaign0026.txt,5.8527747253963405,0.007212499999999622,0.007804782237012629,0.0037138037730495544
260317_TDMAT_Campaign0026.txt,5.904916032839543,0.030846666666665593,0.033687638502246146,0.02294769595315192
260317_TDMAT_Campaign0026.txt,5.888427814795815,0.0014933333333336425,0.002677581972410233,0.013942589955184758
260317_TDMAT_Campaign0026.txt,5.841847640955801,0.004962500000001313,0.0019400729935645886,0.03232146125378863
260317_TDMAT_Campaign0026.txt,5.853954706019203,0.014077272727272378,0.012630459467387726,0.011148319168624144
260317_TDMAT_Campaign0026.txt,5.795000759847431,0.008981249999999719,0.009074905641349803,0.041534537646331506
260317_TDMAT_Campaign0026.txt,5.80034656612506,0.0026588235294114195,0.0032827125868726856,0.005359070631186088
260317_TDMAT_Campaign0026.txt,5.760110054550314,0.00480666666666707,0.005666281542213837,0.02361153054819881
260317_TDMAT_Campaign0026.txt,5.768244596327582,0.0017049999999997566,0.0015007249977240695,0.016594941027765896
260317_TDMAT_Campaign0026.txt,5.73501406128514,0.004866666666667167,0.002592347481300103,0.0195861888180377
260317_TDMAT_Campaign0026.txt,5.706994807448383,0.007746666666666139,0.005898926836007645,0.028923406414699614
260317_TDMAT_Campaign0026.txt,5.704102861406287,0.02988846153846116,0.05095567300384974,0.04167247276653307
260317_TDMAT_Campaign0026.txt,5.687626549703016,0.0,0.0,0.027466433952257188
260317_TDMAT_Campaign0026.txt,5.688807690994557,0.017266666666665743,0.021868260744566395,0.007528701686190956
260317_TDMAT_Campaign0026.txt,5.697788215487021,0.005786666666667392,0.004579854795573301,0.029252224726942024
260317_TDMAT_Campaign0026.txt,5.680417308725881,0.08999333333333273,0.09154344908700356,0.02883888533822732
260317_TDMAT_Campaign0026.txt,5.575485164085125,0.11142000000000014,0.11854885730553018,0.043134299210553284
260317_TDMAT_Campaign0026.txt,5.508801927474779,0.035643750000000196,0.028669491153001606,0.06004986077606972
260317_TDMAT_Campaign0026.txt,5.4831891153369465,0.011115789473683734,0.012364036468802277,0.03067399088588564
260317_TDMAT_Campaign0026.txt,5.532835458662023,0.03742000000000113,0.032622698211561,0.07350288491460863
260317_TDMAT_Campaign0026.txt,5.540006779776356,0.07468666666666574,0.10987838352807018,0.03458587089064238
260317_TDMAT_Campaign0026.txt,5.589185427893177,0.0,0.0,0.010576708431424458
260317_TDMAT_Campaign0026.txt,5.667440800298419,0.11547333333333351,0.14061007549355206,0.037780399139826115
260317_TDMAT_Campaign0026.txt,5.852742362434961,0.09784666666666529,0.11134048247190123,0.06094529205981344
260317_TDMAT_Campaign0026.txt,6.008403730897852,0.00811333333333361,0.011610773726106539,0.07075789497305221
260317_TDMAT_Campaign0026.txt,6.155025357880357,0.07396249999999967,0.1536409641116558,0.08483414203909653
260317_TDMAT_Campaign0026.txt,6.443498996350493,0.10926000000000044,0.12151764559913669,0.052774273626430605
260317_TDMAT_Campaign0026.txt,6.73944282634108,0.04608000000000061,0.04584193473047122,0.024270775123098418
260317_TDMAT_Campaign0026.txt,6.721310637383042,0.011660000000000536,0.00533711460902896,0.029612593628526935
260317_TDMAT_Campaign0026.txt,6.825365692028979,0.05742666666666688,0.04598217878710926,0.08871304592159107
260317_TDMAT_Campaign0026.txt,6.88521828281874,0.010806666666667297,0.008722807414398154,0.02487545353714375
260317_TDMAT_Campaign0026.txt,7.059282649367852,0.04173749999999998,0.08552381060165487,0.08094865041770713
260317_TDMAT_Campaign0026.txt,7.710760998977767,0.1608863636363638,0.2217224275186857,0.055319381579673026
260317_TDMAT_Campaign0026.txt,8.156621831114188,0.023187499999998806,0.0222173462445354,0.040321112943040686
260317_TDMAT_Campaign0026.txt,8.802757757972918,0.2196333333333333,0.25128558823324293,0.16523980508534747
260317_TDMAT_Campaign0026.txt,9.731990530089757,0.007681250000000972,0.007397428345282602,0.006895740123884923
260317_TDMAT_Campaign0026.txt,9.881587436735941,0.08708666666666622,0.12789456365623855,0.18066389122272428
260317_TDMAT_Campaign0026.txt,10.14636372098422,0.0,0.007983808783352175,0.023143287863778894
260317_TDMAT_Campaign0026.txt,9.645726075132412,0.022733333333331985,0.020892594014381535,0.052537300717740994
260317_TDMAT_Campaign0026.txt,9.62226275240793,0.003090000000000259,0.004114019760519364,0.003800410150078133
260317_TDMAT_Campaign0026.txt,9.860915343837885,0.07128125000000018,0.08665314626341443,0.025898872031773032
