recommendation_id,elapsed_time,new_predicted_output,new_predicted_uncertainty,current_trained_hps,average_rmse,plasma_duration,precursor_dose_time,plasma_purge_time,ALD_purge_time,campaign_id
0t4vmnc8f9rrs000ffh0bq4b7w,5.659996531903744e-05,,,,,4045.77284900777,5311.379522754783,7528.955265800144,9062.0590489092,0t4vmnc8dxs5d000b1m8qq27k8
0t4vn5z66xx0q0004e9v8g7trw,3.260001540184021e-05,,,,,2076.9756673852667,7525.990821322083,17589.267562090376,7725.208310590348,0t4vmnc8dxs5d000b1m8qq27k8
0t4vnsh6gxwjx000gcgt31n908,5.099998088553548e-05,,,,,1631.7086347897434,1607.7093240643144,5626.632341708995,2171.5084428407026,0t4vmnc8dxs5d000b1m8qq27k8
0t4vp1kb7ht5q000vy2wcd9rrr,2.559996210038662e-05,,,,,6592.1437231856335,8764.47505769521,13427.631282634144,7316.741411672563,0t4vmnc8dxs5d000b1m8qq27k8
0t4vpnf72ntw70003rwkf0m2ar,4.560005618259311e-05,,,,,7481.212524337459,6716.049492789284,11010.23879019087,6907.014695739393,0t4vmnc8dxs5d000b1m8qq27k8
0t4vqs6qwhzav000rzc75zymdr,1.060320100048557,0.11466079730293652,0.0004955128691987573,"[0.0005020426349505308, 1.4740626494063653, 1.4968654423686663, 1.4998468125502482, 0.11807433327540184, 0.11756866725399995]",0.04920211807811764,9999.588643768899,9999.788752748185,19999.08540051623,10.022253168102836,0t4vqs613hzwx000c4eqn02kwm
0t4vrbrep9r8b00073b99myphw,1.0804132000193931,0.13950002319706095,0.0006615551442051181,"[0.0007335016544223875, 0.3753231715077501, 1.4986721099881213, 0.6519480344944605, 1.4999781118232547, 0.1321062207288038]",0.030061380663627096,9999.998401947667,100.01062081696004,10.000681502976061,10.068097037954397,0t4vqs613hzwx000c4eqn02kwm
0t4vrjmmmxwqz000dh5kw6nvvm,1.2701885999995284,0.07139534696414755,0.0021817057521833177,"[0.003118482072678154, 1.4995999698006863, 1.4966009335958297, 0.4007113928282013, 1.4999140905828479, 0.0952254556636588]",0.03963645357579809,100.01006489945647,9999.986934414708,10.000796389213201,9999.981675265388,0t4vqs613hzwx000c4eqn02kwm
0t4vs1agjdz7n0000c1qne7e3r,1.0550576000241563,0.12766713223662007,0.001933805171620009,"[0.0028097183602888154, 1.4996143145491136, 1.2056091413870704, 0.4430094027376443, 1.4994139090192828, 0.09781036152024719]",0.024661434508045026,9999.986783268818,100.0012172296721,19999.989780875538,9999.985321994192,0t4vqs613hzwx000c4eqn02kwm
0t4vsqtf4xvyf000t538t8khkr,1.2664644000469707,0.0834447692249207,0.0016044618753476012,"[0.0024405392022258682, 0.8063040544671309, 0.41418996696441884, 1.4999441013021504, 1.4997356709435379, 0.0886659457494253]",0.036088520680437566,100.00511958394267,100.00165289523882,19999.993962852313,9999.995226774377,0t4vqs613hzwx000c4eqn02kwm
0t4vtaec7nzyx000cge2wf4cz0,1.1556137999868952,0.09506336309452054,0.0019428498558329843,"[0.003637833481469264, 1.3156026472117555, 0.46969516387529386, 1.4999953871353915, 1.4991018549695863, 0.07018059371307743]",0.056833790343523934,9999.997046499167,3665.5369864042723,19999.989145608593,10.001815734983717,0t4vqs613hzwx000c4eqn02kwm
0t4vttgzdxscz000zscm4jez84,1.375001100008376,0.1239874038829519,0.0018003627699538925,"[0.0035732178222393357, 1.4920836969794362, 0.4918044307505138, 1.4999524821854964, 1.4996150040675156, 0.06905885853570434]",0.041718547702218535,100.0006737205449,7375.993912546884,10.015538610277721,10.003318827060406,0t4vqs613hzwx000c4eqn02kwm
0t4vv0bz05s0n000c2pjz5gej0,1.1227536000078544,0.024232339559218788,0.0017596189360673672,"[0.003592874986137057, 1.4981079611816572, 0.4756203292032319, 1.4999897421767454, 1.2160248877991857, 0.07622747871289257]",0.049294118874985894,9999.999526722453,100.00138177104903,10.008902668027282,9999.991972220569,0t4vqs613hzwx000c4eqn02kwm
0t4vvf2329rd3000n2vwsk65gw,1.4953716999734752,0.15296349280764415,0.001497423385121829,"[0.003403640222440975, 1.4997288107882718, 0.46412542182366945, 1.4998130562121423, 1.4774903398222672, 0.0752379304987181]",0.042567894410355696,9999.999123450096,9999.999287106215,10.003967724011638,10.005045925734063,0t4vqs613hzwx000c4eqn02kwm
0t4vvstennsqv000dvcyjdg3mg,1.3796675999765284,0.14605122046494806,0.0014086545490933986,"[0.0034089043988077272, 1.499518769427489, 0.49776647988832934, 1.4998236143041908, 1.4275616261690192, 0.07653342714667737]",0.03779741491652802,100.0008808209803,9999.998642575103,19999.999790481463,10.004235044240696,0t4vqs613hzwx000c4eqn02kwm
0t4vw8g70sz2b000sxmpswnjj0,1.2751615999732167,0.13781539639147974,0.0011713056991716575,"[0.0033277534590119926, 1.4998274565608463, 0.5033745688939615, 1.4999555955831028, 1.2865046245851468, 0.07927628235805786]",0.04649916338902864,9999.995696644395,4972.873222336989,10.000497011347651,10.000782522087377,0t4vqs613hzwx000c4eqn02kwm
0t4vwh97snzab0004n1p3j32cg,1.2404961999855004,0.1314579542390354,0.0012280718914205026,"[0.0031516813948702666, 1.4999396053839884, 0.469733712286313, 1.4995609849065785, 1.3083664407033804, 0.08161495755892871]",0.023308952903062365,9999.999564786796,9999.999570127202,19999.99382930814,9999.998690059356,0t4vqs613hzwx000c4eqn02kwm
0t4vxbn101xpf000e2j07yat18,1.2533356999629177,0.07136089367045129,0.0010631996924493521,"[0.0030149030562526755, 1.498739074069626, 0.4717050308795976, 1.4999598547748647, 1.3442237056321913, 0.08088748702489902]",0.02839711588436539,9999.998565314385,3198.277106024954,19999.997075386807,9999.994045618194,0t4vqs613hzwx000c4eqn02kwm
0t4vy3bqp5sd70009ffzsqmyp0,1.3751557000214234,0.12507087378899082,0.0016581552539241633,"[0.0027542496634419475, 1.4991115573623874, 0.18289641002601098, 1.499693226627279, 1.455263054390278, 0.10640247375102066]",0.0464185840358845,100.0020029681877,3329.119620879237,10.0020846322795,9999.983426256316,0t4vqs613hzwx000c4eqn02kwm
0t4vyfe0k1x6v000nsvk29cep8,1.26231869996991,0.12948073262322382,0.001448642565150427,"[0.0026181601124743627, 1.4999584996216395, 0.19485313182367425, 1.4999262741251371, 1.398356055617908, 0.10461469404303401]",0.030055778007711382,100.00039453595001,5516.938543951878,19999.99853155342,10.001018418988027,0t4vqs613hzwx000c4eqn02kwm
0t4vywbpn5zj9000w65yw9k88r,1.3887013999628834,0.06828544789811866,0.0012353472426452213,"[0.002511478371088619, 1.4999480122066693, 0.1970191304547808, 1.499965229715676, 1.308533309825301, 0.10487445472214811]",0.041784100516104886,9999.999044597564,1324.8480895246666,19999.998632835508,10.000669551998278,0t4vqs613hzwx000c4eqn02kwm
0t4vzbh1astyx000932an8ze4r,1.333148000005167,0.16747900243493258,0.001184146690546772,"[0.0023651371635183185, 1.4998214292776213, 0.2038397353800797, 1.499965106552278, 1.2835548689134155, 0.10515052179756276]",0.029538939156842466,9999.999966152269,7644.6647170175775,19999.993116228266,10.001415463375643,0t4vqs613hzwx000c4eqn02kwm
0t4vzx5fy9rfq000gyg5y7p1nr,1.487480300012976,0.14732130821471623,0.0011032562233818516,"[0.0022822060964250383, 1.4995550094146424, 0.1946125602042983, 1.4996592648894658, 1.316834892359255, 0.10496570391329735]",0.03566143906760944,9999.999690221648,7953.4656886354705,10.00224357448111,9999.996026652458,0t4vqs613hzwx000c4eqn02kwm
0t4w0exn3xsy1000cvxr2t35t4,1.3029376000049524,0.1131980627934821,0.001049831982872586,"[0.002374629001880506, 1.4996757478690208, 0.20098094628118124, 1.4997981173523096, 1.4983069309966837, 0.10680653565486414]",0.025539366869308404,9999.99928462886,2669.07109522497,10.004823373052323,10.006100245177338,0t4vqs613hzwx000c4eqn02kwm
0t4w0pszthvn1000ba90dand64,1.3823106000199914,0.11742573770853,0.0011538312658728002,"[0.0023944848471672848, 1.498890501686998, 0.1639586037476124, 1.499933906478974, 1.4980894017736466, 0.11068931883974527]",0.031184219138696682,100.00057241400424,2827.813886582795,19999.99387409213,10.00145886252147,0t4vqs613hzwx000c4eqn02kwm
0t4w12p9y9tpz0005rn515ekar,1.3882503000204451,0.1561782707412144,0.001022000345168046,"[0.002394558312334427, 1.49937890317106, 0.18282720599309044, 1.4999775277110015, 1.4994118424142933, 0.10857826185216266]",0.030400856401347816,100.00956183394787,8719.767978250877,19999.994756568467,10.000166796908854,0t4vqs613hzwx000c4eqn02kwm
0t4w1gwdfnw0s000qsezjjczb8,1.5854326999979094,0.15127074189247602,0.0009541071253384327,"[0.002329840758748503, 1.4997207753640693, 0.18162631627400327, 1.499964677152335, 1.499346420808679, 0.10917659788557213]",0.031197328574372386,9999.998545250792,6098.525424447128,19999.997323374315,10.00079824369923,0t4vqs613hzwx000c4eqn02kwm
0t4w21xds1rb3000hzwef6edjw,1.3636338000069372,0.026795274327778784,0.0009502623197260408,"[0.0022810774238396937, 1.499128637301666, 0.18765098176770167, 1.4997670582931062, 1.4982238277579012, 0.10766908320934514]",0.021068980798918627,100.00165226800411,100.00009821988961,10.006025979387191,10.002837307816069,0t4vqs613hzwx000c4eqn02kwm
0t4w24xm4xvsz000tphvqy68bm,1.426750999991782,0.10808226934945006,0.0009023196907696759,"[0.0021853551820143445, 1.499314198447136, 0.18171481724481764, 1.4995762789912832, 1.4999828311909158, 0.10658481186349836]",0.02881072329595332,9999.997341530443,1779.699895572682,10.015501990416544,9999.998946755599,0t4vqs613hzwx000c4eqn02kwm
0t4w2m8sh5w7k000a5q0gkpm60,1.4698563999845646,0.09174296945657746,0.0008922651242206542,"[0.0021280996708524895, 1.499916685611357, 0.16874837623923644, 1.4993175310595126, 1.4995918978575702, 0.10884838926613116]",0.024394245405334865,100.00206504565472,1865.6325051227698,19999.998446238555,9999.997351367201,0t4vqs613hzwx000c4eqn02kwm
0t4w37k0dhzsb000ebn4452j94,1.6389144000131637,0.1321346228524366,0.0008700449186720213,"[0.002091995895892672, 1.4999466940758883, 0.17475341760327945, 1.4994027968729249, 1.4996580373776185, 0.10799727990221943]",0.04936155446766521,100.00002712184207,4262.257412484161,10.011148227632159,10.002762734974812,0t4vqs613hzwx000c4eqn02kwm
0t4w3c7cvdrsq000hyvtz6csgm,1.64575289998902,0.14199920014732986,0.0007755501285048647,"[0.002073293851214353, 1.499722705037545, 0.18511688581614016, 1.4997244185803527, 1.4989020011394998, 0.10695833048306029]",0.03357595487421161,100.00088311473493,6592.375130833691,10.000558340793457,9999.998780071453,0t4vqs613hzwx000c4eqn02kwm
0t4w3sjjg1xnv000c7gft1rrr8,1.6327356999972835,0.19114582356132775,0.0007233430591448178,"[0.0022071537218119885, 1.4996751431167241, 0.20663063376027624, 1.4997652885964414, 1.4992090751597593, 0.101249114819764]",0.0207765465003874,9999.99854262237,8094.334338592079,10.00450334202538,10.000510073063936,0t4vqs613hzwx000c4eqn02kwm
0t4w43jvpnyy50005w6t5fjvsr,1.4723654999979772,0.11359785988677261,0.000803298342423934,"[0.002103934437774596, 1.4994050958212939, 0.18626285543772303, 1.4999625104015575, 1.4994629611271155, 0.10424546989746679]",0.0218477177006367,100.00015552113656,4267.339257348569,19999.997173401705,9999.99775272907,0t4vqs613hzwx000c4eqn02kwm
0t4w4qv7wxt9v000cdbdasgv28,1.566806299961172,0.11373400466130917,0.0007230457780540172,"[0.002114256462108898, 1.4998575212700211, 0.1928199104351097, 1.499706276932257, 1.4998630368305728, 0.10251146236576461]",0.025249278805960233,100.00392722120368,9999.999825062127,19999.996346363147,9999.99731218848,0t4vqs613hzwx000c4eqn02kwm
0t4w5eb879rt9000pqnpz8tj0r,1.5457451000111178,0.14933619327740277,0.0007283397355488105,"[0.0021482960685612097, 1.4986049578815508, 0.20250315300033306, 1.4996989173921764, 1.499643292045365, 0.09925736240664114]",0.026855200230197458,100.00260141629846,9999.999983810967,10.001718030429943,10.000601271540472,0t4vqs613hzwx000c4eqn02kwm
0t4w5n7bf9sr7000j42xd4pz9m,1.4843126999912784,0.15102162148768475,0.0007430225328386226,"[0.0022000544970499324, 1.4999569298641893, 0.20716911998428944, 1.4998460330395336, 1.3895498713544998, 0.1002298573225616]",0.03202036734390984,9999.99645335286,4162.353476006778,10.003261589152114,9999.998083008339,0t4vqs613hzwx000c4eqn02kwm
0t4w65gdg5td1000898vcvtzdw,1.4927933000144549,0.014681990412160686,0.0007869130427359863,"[0.0024078496352271557, 1.4998340301481798, 0.24115993357234966, 1.4998187448291636, 1.4941440443633431, 0.09763986700798769]",0.018798043111514583,100.00019702839744,100.00051135097021,19999.997021385025,10.000504890889646,0t4vqs613hzwx000c4eqn02kwm
0t4w6gah4nz1h0004179b4swyg,1.5449220000300556,0.1314690868256297,0.0006915978944687218,"[0.0023183175774393466, 1.4999226327849602, 0.23548310595983601, 1.4998963945489276, 1.4953857398755328, 0.09882546550429162]",0.04331942805504851,9999.999219468658,5749.037955409235,19999.99585228478,9999.999881641921,0t4vqs613hzwx000c4eqn02kwm
0t4w79161xtjv000r44dsxv600,1.4709711999748833,0.042504197405180924,0.0006311657794709154,"[0.002223704732648435, 1.4965607596895087, 0.22745977895532665, 1.499768220599651, 1.497749203546343, 0.09866700780966811]",0.02669754193281013,100.0008433969603,775.4408899394838,10.001905511134192,9999.999995820766,0t4vqs613hzwx000c4eqn02kwm
0t4w7m3wdxtjx000076223f950,1.377401000005193,0.13007267195662428,0.0006138316568952638,"[0.002263238865907683, 1.497986926757664, 0.23200316050772296, 1.4994986046258179, 1.4993963119611644, 0.09868414561762094]",0.024440969916459828,100.00061309309518,8429.51316996559,10.00780353235184,9999.995739126127,0t4vqs613hzwx000c4eqn02kwm
0t4w8262a1zbs0006yaq77q6cc,1.529561399947852,0.022389728117196292,0.0006325493780319468,"[0.00256072033678288, 1.4989501881906304, 0.2594910376398728, 1.4999174877392023, 1.4927626278266888, 0.0959623012132052]",0.029237629430877782,9999.997913516314,100.00144033443671,19999.995785280742,9999.998938589377,0t4vqs613hzwx000c4eqn02kwm
0t4w8rp2bsxzz000dt7fgvgx9r,1.5635118000209332,0.10042290340556363,0.0005869311032955495,"[0.0024663101299231376, 1.498627582589707, 0.2548605086304, 1.4999204523076104, 1.4947141368575037, 0.09600394038575133]",0.029460988825251867,100.00099221302644,6307.568846255963,19999.99805921535,9999.999847097226,0t4vqs613hzwx000c4eqn02kwm
0t4w9dqjb9vjn000adjqt7tk1m,1.3736367000383325,0.1443890938384752,0.0006107714096575595,"[0.0025584818000354004, 1.4998058422599285, 0.26785537955740435, 1.4999778438934768, 1.4440374904675763, 0.09167811388195424]",0.033577564251386034,9999.99804255609,7895.564060238637,19999.996937668668,9999.999322855132,0t4vqs613hzwx000c4eqn02kwm
0t4wa790jhz8s000t5czfg15d8,1.565286599972751,0.14641177149304668,0.0004995345565331281,"[0.002696955959836137, 1.4999380763331278, 0.2912418286690729, 1.499916827578295, 1.4832111745833456, 0.0883043503278929]",0.02665634756190314,100.00056845597244,6957.711675039653,19999.996302377564,10.000716806298202,0t4vqs613hzwx000c4eqn02kwm
0t4wamrqf9y6h000fh6jnbt1x4,1.6709701999789104,0.14899869820048053,0.0006739934909254539,"[0.0026852280827685364, 1.4997028053243784, 0.29207862300890886, 1.499699751118035, 1.4940684372216042, 0.08732976322607662]",0.029764775207882555,9999.997574376395,9999.999927006556,10.00548371091948,9999.998326344634,0t4vqs613hzwx000c4eqn02kwm
0t4wb7avbnsp5000xecyn4m03g,1.5086307000019588,0.15181464651457544,0.0004896669620806853,"[0.002603309926468426, 1.4986686619970238, 0.28961403469892555, 1.4999798357325478, 1.4963695149109757, 0.08772815499845617]",0.01804039947811892,9999.999402271062,8479.135427175925,19999.98790199366,10.000423369914751,0t4vqs613hzwx000c4eqn02kwm
0t4wbsa9kdx9s00068fba4py2g,1.529334300023038,0.16290301470157817,0.0004824302665205539,"[0.002570253095474777, 1.4991328088172748, 0.2861095400264456, 1.4996773977205815, 1.4912819142318094, 0.08847567269564839]",0.029080728976515972,9999.996656854984,6101.0277249806495,10.004812794669114,9999.997603527141,0t4vqs613hzwx000c4eqn02kwm
0t4wcabmqsvc7000y7fmmt4xw4,1.612043500004802,0.017996272754475434,0.0004887154507981231,"[0.00283759072975304, 1.4982257145369668, 0.3019928046275229, 1.4999851873194712, 1.4992758612347705, 0.08872854890520285]",0.026711244276924787,9999.999744919065,100.00039638134469,19999.999595933557,10.005186322166933,0t4vqs613hzwx000c4eqn02kwm
0t4wcs1v5xxqq000yqgcqeezj0,1.6902890999917872,0.09538278619317501,0.0004380652610474482,"[0.0027339776891872995, 1.4979282224464003, 0.3010716115312816, 1.4997732246924658, 1.4995076781044978, 0.08738888057512308]",0.02450374470329043,9999.99901322801,1447.9847869687233,19999.999817749496,9999.996847667313,0t4vqs613hzwx000c4eqn02kwm
0t4wdg2rn1sqz000rm3nqkqh8c,1.6876505999825895,0.144388941445274,0.00037606012493948785,"[0.0028192519755770376, 1.4988740538723286, 0.30449431442921476, 1.499195036509728, 1.496278321020708, 0.08852249417708774]",0.03163453794201697,4786.951940925912,3310.2219491144724,10194.883415409566,4882.0443029211865,0t4vqs613hzwx000c4eqn02kwm
0t4wdxz50stq7000xyzwf56p7w,1.6370940000051633,0.17253653623543785,0.0004305682014233778,"[0.0027778452558878917, 1.4987929633459793, 0.3056252030112578, 1.499902733372899, 1.4998738453740827, 0.0862894708103834]",0.025727548006137607,9999.998019735445,6540.263173270264,10.002769183795174,10.000224877410782,0t4vqs613hzwx000c4eqn02kwm
0t4we7c0gxrjf000fr7mvsn01r,1.564377799979411,0.16437730038294832,0.0004164758228666629,"[0.002896768340085544, 1.4992670602505624, 0.3249059061745634, 1.4999015053923161, 1.4988526708338994, 0.083627175211719]",0.015496239243739187,3452.826330312038,9999.999995295011,19999.99767095155,10.003062486888343,0t4vqs613hzwx000c4eqn02kwm
0t4weqc9txsh100026g8qarjym,1.6750291000353172,0.11767988287164789,0.0004533045993476692,"[0.003018190087916737, 1.3216780283815934, 0.3182495376056831, 1.4998926396687287, 1.499578807751162, 0.08411454269996119]",0.036282903757177354,100.00191057503417,2512.812973243061,10.001086776226408,10.00133660491143,0t4vqs613hzwx000c4eqn02kwm
0t4wevakgsrh9000ytd4vjj8z8,1.4617003000457771,0.005360032163358619,0.0004397072942755994,"[0.0030031862593157786, 1.256751046757517, 0.3232537256887251, 1.4998722376023084, 1.4988103213384893, 0.08440089048552024]",0.021710698420846084,5217.6091403696,100.00015493052071,10299.349305465457,5716.300887449433,0t4vqs613hzwx000c4eqn02kwm
0t4wf8t9entfd000wb8nhm6gx8,1.433460299973376,0.16715200334641042,0.00041390624942772247,"[0.003052052028429505, 1.2688264643683356, 0.33130829820244206, 1.499958236808379, 1.4985107363321462, 0.08091941680309633]",0.04489791362559142,4613.744955205799,8918.603984227952,10.013828884435991,3767.7047266954833,0t4vqs613hzwx000c4eqn02kwm
0t4wfkzevxwcf00042005hvw20,1.4797071000211872,0.13015263680110783,0.0005754911275894626,"[0.002872464229210888, 0.9573900706321261, 0.3036345094190746, 1.4997683290667563, 1.4999692459011273, 0.08785762785522117]",0.030035112610228305,4741.007195330082,4935.060645225306,19999.994298967616,10.004429301239743,0t4vqs613hzwx000c4eqn02kwm
0t4wg2gf49yqv0005vvr2pqgec,1.6024267000029795,0.07096919861245525,0.0006174576502741962,"[0.002767170758615274, 0.8345222597608443, 0.2847971550001601, 1.4996682727052504, 1.4996546105705106, 0.0900638640439552]",0.029461730388130585,4777.18247899237,1476.1475240089765,19999.997746838664,10.001731028029061,0t4vqs613hzwx000c4eqn02kwm
0t4wgfpsmhye7000a12nppcg8r,1.7065426000044681,0.15280703048912064,0.0005736049193560256,"[0.0027826495509664408, 0.9074612608847671, 0.29075479641297064, 1.4998163092795682, 1.4997661983526431, 0.09171039847847653]",0.029787093606152528,4244.224027232914,5982.095893872834,10.015343778973424,10.001426991975459,0t4vqs613hzwx000c4eqn02kwm
0t4wgpmrnhswq000smfm7z1c58,1.684118999983184,0.1146613502504264,0.0006339227181386505,"[0.002722048589633295, 0.7940075730718328, 0.29130420186649075, 1.499783002076732, 1.4994787335306756, 0.08982469042387439]",0.02690202433814968,4927.226297793634,1591.2472129709001,10.000667566541335,9999.99946886715,0t4vqs613hzwx000c4eqn02kwm
0t4wh3y6yxtev0000r9ff7gre8,1.7838907999685034,0.12361429249268432,0.0005939413312669668,"[0.0027145641175067743, 0.8083586895317877, 0.29327025369156257, 1.4995348210545743, 1.4995641997304312, 0.08953294516037569]",0.03893273518646882,5037.962169536942,7473.577926879014,19999.99837393044,10.000525388326803,0t4vqs613hzwx000c4eqn02kwm
0t4whkjw3dsns000hbybwg6j1c,1.8705782999750227,0.09818710744517935,0.0007038082608446656,"[0.002942757274872646, 0.7273976704200248, 0.33060027479383813, 1.4998845802198342, 1.4994600439636718, 0.0836084376138831]",0.028843618221917482,4939.078531044492,9999.999620585826,19999.987421069214,9999.99768272858,0t4vqs613hzwx000c4eqn02kwm
0t4wjbzkpdvqs0000twynbxvsc,1.9226350000244565,0.011234858156997082,0.0006355177320328441,"[0.0029812958926894, 0.7913479721409136, 0.33550295230026406, 1.4994794176364037, 1.4999882557571005, 0.0824103708440489]",0.03016849268886252,5107.088882147913,100.00067485551901,10.015071364079597,10.000369657885397,0t4vqs613hzwx000c4eqn02kwm
0t4wjgypbxzgx00034sd0zfybc,1.8605208999942988,0.021492472743121188,0.0005902246718178708,"[0.0030617857874848074, 0.8666543548899233, 0.34144073807151043, 1.4995518969008472, 1.496561726592971, 0.08490486464159655]",0.02875442425604857,5341.6472837201145,100.00098096146755,19999.99178216582,9999.999393963508,0t4vqs613hzwx000c4eqn02kwm
0t4wk5mf8ht6x000g3wd9gnt6w,1.580183100013528,0.12480344463580298,0.00047356996517040954,"[0.0030809814656066956, 0.9146974710115129, 0.34288480845627206, 1.499033197981336, 1.4991821234161926, 0.085584323870116]",0.03953028926851374,4741.214062546082,3066.1109250886443,19999.996772547212,9999.998975088796,0t4vqs613hzwx000c4eqn02kwm
0t4wkv7wrdyaz000qc2qdb49mc,1.8740607000072487,0.11026206441886052,0.0004992768791030668,"[0.003100050906582906, 0.8931243194640495, 0.3528419355140373, 1.4998977351882519, 1.4991529715097502, 0.08381940254670354]",0.03546173406435224,4956.761231250206,9999.999949944764,10.006751850745843,9999.996240517485,0t4vqs613hzwx000c4eqn02kwm
0t4wmbv51xv45000fg364j71rg,1.9151293999748304,0.13415862565717668,0.0004650957606513173,"[0.003028641253945561, 0.8848477986291258, 0.3502287935140865, 1.4996155312470323, 1.4990617310932652, 0.08397566611723391]",0.034145928433216836,5018.327411616708,7264.45462264676,10.00992172537,9999.998922367551,0t4vqs613hzwx000c4eqn02kwm
0t4wmvcnqhvbh000g34hhcfr1g,1.780782200046815,0.14927857681016882,0.00043399326157348583,"[0.0031331572136467957, 0.9327584591649223, 0.36319508163640607, 1.4999774041027636, 1.4998634874358574, 0.08394726800824756]",0.02869962057230144,5219.117127679645,3457.4888090135155,10.002826144394072,10.002187305132088,0t4vqs613hzwx000c4eqn02kwm
0t4wn1qft5r4v00028jhnwe6yw,1.9977210000506602,0.14107424077921213,0.00048225708438351535,"[0.003564194207504562, 0.8082361981961972, 0.3968682097422058, 1.4997155923819376, 1.4961300667724298, 0.07363272859938837]",0.027042987669014317,6172.867130204389,9999.999442722856,7216.731511967683,10.000459553002996,0t4vqs613hzwx000c4eqn02kwm
0t4wndswmstrv000q5k7ftpk5m,1.7707498999661766,0.10169727059777961,0.000595217116528876,"[0.0033666034686049666, 0.6795568796617448, 0.38169513218751294, 1.4996565307848773, 1.4704523558475502, 0.07345809185368721]",0.026751860498270035,5390.197145438937,6647.054955436025,19999.998324656142,9999.997990735395,0t4vqs613hzwx000c4eqn02kwm
0t4wp52bfxstf000m7c28ktq68,2.024402800016105,0.09515225474997394,0.000440409298799011,"[0.0034342035155726786, 0.7067681843303906, 0.39193931851405944, 1.4999756824597315, 1.4996414092370323, 0.07189466522831392]",0.03365393608979491,7762.683782448811,1372.9223027849118,9420.089270394494,4712.946535310423,0t4vqs613hzwx000c4eqn02kwm
0t4wpk065nsrk000m6c3sf2304,5.561302899965085,0.15001242735669137,0.0005362004535959215,"[0.0031642210848221337, 0.638599141338624, 0.3694063446292351, 1.4998215714478749, 1.48852548816448, 0.07634899231380818]",0.020710698426878168,6374.332958719527,4051.017417048655,10.006909362100586,9999.998204902824,0t4vqs613hzwx000c4eqn02kwm
0t4wq1wvthzbq000hqxhd04hfc,5.866682599997148,0.03372982786392286,0.0005382522299683439,"[0.0031508773957562852, 0.6454991050491272, 0.3717823011091831, 1.499987798560478, 1.4934191524027343, 0.07620286400852277]",0.030873026357090112,3388.053156531624,100.00024000053244,10.00183042365719,9999.999873663128,0t4vqs613hzwx000c4eqn02kwm
0t4wqe29w5vt3000d745q65syr,5.216903200023808,0.12100797181546846,0.00040179184000889624,"[0.003173930992213563, 0.6769590622443474, 0.3767164299732827, 1.4998984224923784, 1.470814833999579, 0.07831245409658172]",0.03465266222631668,1973.2374143431423,9999.997755624507,9472.121504281928,5235.151576404853,0t4vqs613hzwx000c4eqn02kwm
0t4wqxhv1sxm9000nsmdzt8fsw,6.579160000022966,0.12261085588835155,0.0004600266786970697,"[0.0032717732682476935, 0.637513427473998, 0.38206836351296125, 1.4999029658017018, 1.4088046165366346, 0.07033537097235489]",0.030089940008930862,7378.784412445479,4578.919945792415,19999.99898064233,5831.791488514624,0t4vqs613hzwx000c4eqn02kwm
0t4x5qa2qxyek000s0p3aztae0,0.9105837999959476,0.11489114250615068,0.0005036334065114919,"[0.0005096042083180914, 1.4680839795104208, 1.482940843723989, 1.4960336395516232, 0.11547663615701653, 0.11766596548309705]",0.016087199028743837,9999.841174372046,9999.370246062237,19999.8159904257,10.001180414354577,0t4x5q9khsssx000604vsbw908
0t4x69vr31v2k000852jykd06m,0.9939333000220358,0.11659709740607133,0.0003089109679584692,"[0.0003152851452328633, 1.49389342516332, 1.498735379537901, 1.498492337227166, 0.12450553996176461, 0.11526145634489718]",0.03252367594512624,9999.675292370637,9999.82360241265,19999.76247674624,4499.207159559091,0t4x5q9khsssx000604vsbw908
0t4x6zxmbnx0h000m1adw5fe3w,0.8913276000530459,0.11883263445251693,0.00026660019185493133,"[0.0002666999965860932, 0.24438322651166544, 1.48958264672954, 0.18752434453266031, 1.4975344897337155, 0.11856468228259368]",0.008882471375581907,9999.869209416574,100.25820622201785,10.529498792138405,19.70842483261101,0t4x5q9khsssx000604vsbw908
0t4x76sx4dsrx0002n25nxj8t0,1.1162688999902457,0.06413159387779836,0.0014988159801891515,"[0.001975161329726329, 1.4996722676051795, 1.4960523838407302, 0.31781762307319966, 1.4992571258902012, 0.08632313040216479]",0.016771779610738276,100.00004852768721,9999.996688116247,10.002424692142036,9999.991819790694,0t4x5q9khsssx000604vsbw908
0t4x7nfh49x71000ymxkv7dd9g,1.1243452999624424,0.12380520063075061,0.0010803333874801096,"[0.001742933263662448, 1.4998412282066416, 1.4912850017512196, 0.3300246729810875, 1.4998793822558345, 0.08849870509395771]",0.008357111815313423,100.01809985889722,100.00017534184508,14417.436872814313,10.000672430409969,0t4x5q9khsssx000604vsbw908
0t4x7y3xx9tyk000a2kyv0d3k4,1.5477710999548435,0.09456673278181858,0.0016398293493389974,"[0.0018518839356840826, 1.499793138372878, 0.1392057075251505, 1.4995020009825675, 1.4998262464143475, 0.08670007272917821]",0.05217699737020287,9999.972776630508,3480.9884204492896,19999.99149383431,10.02297845302494,0t4x5q9khsssx000604vsbw908
0t4x8e4cpxyjv000k242mg3y6c,1.3985290999989957,0.09701708152633881,0.0012580223133764827,"[0.0016960559336872214, 1.4999419191100234, 0.14732921776525376, 1.4975787917435563, 1.4981293191997476, 0.08594615586139298]",0.06764604455542149,100.0101903528962,3317.562564440579,10.000348492274505,9999.995298683974,0t4x5q9khsssx000604vsbw908
0t4x8t8jfdt6z000r6bqzqvcsc,1.375777899986133,0.064969439981542,0.0010661724583804575,"[0.0015424698317292613, 1.4998961131591262, 0.15517659358570168, 1.4993073192672544, 1.4992844386941073, 0.0850110761141031]",0.03518396492292135,9999.996503532906,1207.0320583375592,19999.988928557752,9999.99866987519,0t4x5q9khsssx000604vsbw908
0t4x9h6ak9rn3000qthw0zdv88,1.3331958000198938,0.12846774611036343,0.0009318221733381901,"[0.0013809416662832873, 1.4994357433767136, 0.1422476298707761, 1.4999866489677265, 1.499405164732205, 0.087155709019079]",0.044353967964001775,9999.99604613971,7959.708046392646,10.002292530583727,10.008592078328867,0t4x5q9khsssx000604vsbw908
0t4x9v4v31tx5000n6fgedbxkc,1.272401499969419,0.1189920822246504,0.0008108017821461243,"[0.0013073835264999327, 1.4997657444646761, 0.14850786233480096, 1.4997640746271066, 1.4999949976510367, 0.08701574699924229]",0.045087027842870005,100.01076729034527,6008.733020414185,19999.998092159654,10.001036439010456,0t4x5q9khsssx000604vsbw908
0t4xa88kf5rbd0000sz2bf3xfw,1.2318882999825291,0.1032968796905427,0.0007468688108475939,"[0.0013033560248445, 1.4999274738437074, 0.1618322139684253, 1.4984731389771633, 1.498495925712512, 0.08359279432486237]",0.044082475674879495,9999.997474412765,4781.48373631273,10.001812888165501,10.003332255411292,0t4x5q9khsssx000604vsbw908
0t4xagzc8drsz000ptv4gfh5pm,1.3253762000240386,0.11597091128505814,0.0006683353691936874,"[0.0012466896677530929, 1.4988521930298522, 0.16768613429646462, 1.499976270749992, 1.4999441447659783, 0.08364776732025674]",0.040242958819984194,100.00016791808373,8798.042349083444,19999.998012615157,10.002939370006468,0t4x5q9khsssx000604vsbw908
0t4xaz690hr790005zzasb9e5r,1.2048869999707676,0.041961082766895474,0.0007412253313849398,"[0.0012840417637683833, 1.4993913570368087, 0.19145624329091582, 1.4999283916130948, 1.4987061255015321, 0.0801613873000524]",0.04189565774490496,100.00915611792249,100.00014725730838,10.011089620316039,9999.998876314277,0t4x5q9khsssx000604vsbw908
0t4xba0e9hvyk000mmeeb5w4eg,1.5051843000110239,0.09326615434299619,0.0006633683750260879,"[0.0012231939935832357, 1.4985701188078124, 0.15731813903603076, 1.4999070911567651, 1.4999944605986166, 0.0817436114096936]",0.03494761947665473,9999.999741816377,2456.400642597296,10.0118212031654,9999.992220972856,0t4x5q9khsssx000604vsbw908
0t4xbskx71t3s00053dk3s51dm,1.3545860999729484,0.12194443426929541,0.0005862220144441395,"[0.0011442753708845038, 1.4993669197621222, 0.16017264162302702, 1.498691175302834, 1.499858849269135, 0.08105609589799176]",0.01033259320580276,100.00099560398775,7912.415852160747,10.005402524254883,9999.990553650181,0t4x5q9khsssx000604vsbw908
0t4xc7fshsvgf0008t51gdddr8,1.4618779000011273,0.09395217661399155,0.0005804778922056794,"[0.0011836941961384049, 1.491611054101388, 0.18603603531094726, 1.4999044992403001, 1.4999132627923077, 0.07655735527233114]",0.031874515120230394,100.0005260339919,2713.5079596829373,19999.997350678164,9999.998551897252,0t4x5q9khsssx000604vsbw908
0t4xcv4h7hyev000yjvbatqstg,1.3125193000305444,0.08639556849771951,0.0005493012350642257,"[0.0012232927910024432, 1.4945497322332373, 0.21011063224348836, 1.499006297718089, 1.4999059963096606, 0.07257057970499732]",0.02408435498850317,100.00277561036688,9999.999652694158,10.004180171797845,10.001857355768097,0t4x5q9khsssx000604vsbw908
0t4xd20n7nrrv000zcv6v8aagc,1.385801199998241,0.10060952060263864,0.0005493049901163026,"[0.0012690876083860207, 1.4953619888867729, 0.21052646034307299, 1.4994483623637525, 1.4998005543327673, 0.07455068450639182]",0.033315951923896886,100.00135254919378,3819.9107902128944,10.008935047017331,10.001893326760147,0t4x5q9khsssx000604vsbw908
0t4xd6fdbhz6z0006ytgs3cyj4,1.4616808999562636,0.10252669871055403,0.0005206840755881389,"[0.0012747877809370384, 1.4992191320972341, 0.21663098719259666, 1.4985638890159436, 1.4996755910897428, 0.07498224085435316]",0.03148315737612571,9999.996396918454,4506.673082458653,19999.999780325077,9999.99817153868,0t4x5q9khsssx000604vsbw908
0t4xdypfr1zvn0003pp5jnbxgg,1.3635163999861106,0.10735853826000497,0.0006975115685925599,"[0.0018340873037194054, 1.4963482915939943, 0.34921925104300305, 1.4999497071818322, 1.499909032269127, 0.06554160557669102]",0.030383066461105286,9999.999963063212,9999.99937488452,10.006273768635,9999.999122913017,0t4x5q9khsssx000604vsbw908
0t4xeh86rstmn00083b2s6t4ww,1.1975887999869883,0.02753786055559112,0.0006881541098731138,"[0.001904592353387101, 1.0756384376402017, 0.34718230322245036, 1.4990988898768431, 1.4985878592692012, 0.07079915706262171]",0.0329183686532503,9999.999598918015,100.00016310994134,19999.999602170723,10.007001586811402,0t4x5q9khsssx000604vsbw908
0t4xezy7xhxyv000qckvye5kjw,1.101595600019209,0.12921830829251793,0.0006019735717899597,"[0.0019723778955108105, 1.2883227340482777, 0.37046085977515103, 1.4997592416682548, 1.4999019991696692, 0.06787819505385605]",0.04546648379764941,9999.997926589573,6767.964993400505,19999.98614471464,10.001790831571,0t4x5q9khsssx000604vsbw908
0t4xfh7ps5rg3000z3xm6zahqg,1.186121999984607,0.09520176748800023,0.0007575203704303577,"[0.002256626557652174, 1.4765221415690641, 0.4011070286476169, 1.4997527154600836, 1.492668705002791, 0.06423000502769127]",0.025800151873769037,100.00062666117589,9999.99921926904,19999.993612738035,9999.99978708965,0t4x5q9khsssx000604vsbw908
0t4xg7qca9ze9000dy2m1hk22g,1.2134582999860868,0.15107997849846178,0.0007229599476380107,"[0.0023281773473238596, 1.107644524086546, 0.347510658381945, 1.4998582550837827, 1.488975930458127, 0.061341037700001426]",0.025376750811161912,9999.99973264816,6938.439256563219,10.017719542958718,9999.999163883986,0t4x5q9khsssx000604vsbw908
0t4xgs2ph1xf9000bntp2t0mmc,0.9398032000171952,0.1151434501192165,0.0006915547755191679,"[0.0024385945086758693, 1.476794289115892, 0.3605174135211959, 1.4999507692069043, 1.4503102586489058, 0.056731453111586755]",0.03142832323188106,100.00237589118524,6861.749128887219,10.005015788218971,10.00099945215149,0t4x5q9khsssx000604vsbw908
